Unnamed: 0,한국아동·청소년패널조사 2018 중등용 코드북,Unnamed: 2,Unnamed: 3,Unnamed: 4,Unnamed: 5,Unnamed: 6
,,,,,,
,! 시트명 변경 시 하이퍼링크가 작동하지 않음,,,,,
,문항,,,변수명,값,값설명
,,,,,,
,-,,,ID,-,종단자료 연계를 위한 고유 ID
,,,,HID,-,가구 ID
,,,,PID,-,개인 ID
,,,,SCLID,-,학교코드
,,,,YONLINE,0,TAPI 조사
,,,,,1,온라인 조사
,,,,WEIGHTA1,-,횡단면_원 가중치
,,,,WEIGHTA2,-,횡단면_표준화 가중치
,,,,WEIGHTB1,-,종단면_원 가중치
,,,,WEIGHTB2,-,종단면_표준화 가중치
,[형제자매] 원패널과의 관계,,,SIBLING,1,형/오빠
,,,,,2,누나/언니
,,,,,3,남동생
,,,,,4,여동생
,,,,,5,기타
,,,,SIBLING_T,-,기타 (구체적으로)
,[형제자매] 형제자매 학년,,,SGRADE,1,초1
,,,,,2,초2
,,,,,3,초3
,,,,,4,초4
,,,,,5,초5
,,,,,6,초6
,,,,,7,중1
,,,,,8,중2
,,,,,9,중3
,,,,,10,고1
,,,,,11,고2
,,,,,12,고3
,조사참여 여부(청소년),,,SURVEY1,1,조사성공
,,,,,2,조사실패
,조사참여 여부(보호자),,,SURVEY2,1,조사성공
,,,,,2,조사실패
,코호트 구분,,,COHORT,1,초4 코호트 원패널
,,,,,2,중1 코호트 원패널
,,,,,3,초4 코호트 형제자매
,,,,,4,중1 코호트 형제자매
,시/도(학교 기준),,,ARA1A,1,서울
,,,,,2,부산
,,,,,3,대구
,,,,,4,인천
,,,,,5,광주
,,,,,6,대전
,,,,,7,울산
,,,,,8,세종
,,,,,9,경기
,,,,,10,강원
,,,,,11,충북
,,,,,12,충남
,,,,,13,전북
,,,,,14,전남
,,,,,15,경북
,,,,,16,경남
,,,,,17,제주
,도시규모(학교기준),,,ARA2A,1,대도시
,,,,,2,중소도시
,,,,,3,읍면지역
,시/도(거주지 기준),,,ARA1B,1,서울
,,,,,2,부산
,,,,,3,대구
,,,,,4,인천
,,,,,5,광주
,,,,,6,대전
,,,,,7,울산
,,,,,8,세종
,,,,,9,경기
,,,,,10,강원
,,,,,11,충북
,,,,,12,충남
,,,,,13,전북
,,,,,14,전남
,,,,,15,경북
,,,,,16,경남
,,,,,17,제주
,"고등학교 유형
(※ 학교정보 보호를 위해 응답결과를 리코드하여 공개)",,,SCLTYP,1,일반 고등학교
,,,,,2,자율형 고등학교
,,,,,3,특수목적 고등학교: 예술ㆍ체육계열
,,,,,4,특수목적 고등학교: 과학ㆍ외국어계열
,,,,,5,특수목적 고등학교: 마이스터고
,,,,,6,특성화 고등학교
,,,,,7,기타 학교
,쌍둥이 여부,,,YTWIN,0,패널 내 쌍둥이 없음
,,,,,1,원패널 간 쌍둥이
,,,,,2,원패널-형제자매 간 쌍둥이
,,,,,3,형제자매 간 쌍둥이
,학생은 몇 년 몇 월에 태어났습니까? 실제 태어난 생년과 월을 아래에 써 주십시오.,,,YBRT1A,-,생년
,,,,YBRT1B,-,생월
,학생의 성별은 무엇입니까?,,,YGENDER,1,남자
,,,,,2,여자
,지난 학기(조사년도 1학기) 중 하루를 어떻게 보냈는지에 대한 질문입니다. 각 항목별로 응답해 주십시오.,평일,기상(평균적으로 일어나는 시간),YTIM1A01,-,시
,,,,YTIM1A02,-,분
,,,취침(평균적으로 잠드는 시간),YTIM1B01,-,시
,,,,YTIM1B02,-,분
,,,평소 잠을 잘 잡니까?,YTIM1C01,1,매우 못 잔다
,,,,,2,못 자는 편이다
,,,,,3,잘 자는 편이다
,,,,,4,매우 잘 잔다
,,주말,기상(평균적으로 일어나는 시간),YTIM1A03,-,시
,,,,YTIM1A04,-,분
,,,취침(평균적으로 잠드는 시간),YTIM1B03,-,시
,,,,YTIM1B04,-,분
,,,평소 잠을 잘 잡니까?,YTIM1C02,1,매우 못 잔다
,,,,,2,못 자는 편이다
,,,,,3,잘 자는 편이다
,,,,,4,매우 잘 잔다
,,부모님(또는 양육자)과 대화시간,평일,YTIM1D01,1,전혀 안 함
,,,,,2,30분 미만
,,,,,3,30분~1시간 미만
,,,,,4,1시간~2시간 미만
,,,,,5,2시간~3시간 미만
,,,,,6,3시간~4시간 미만
,,,,,7,4시간 이상~
,,,주말,YTIM1D02,1,전혀 안 함
,,,,,2,30분 미만
,,,,,3,30분~1시간 미만
,,,,,4,1시간~2시간 미만
,,,,,5,2시간~3시간 미만
,,,,,6,3시간~4시간 미만
,,,,,7,4시간 이상~
,,학원 및 과외시간,평일,YTIM1E01,1,전혀 안 함
,,,,,2,30분 미만
,,,,,3,30분~1시간 미만
,,,,,4,1시간~2시간 미만
,,,,,5,2시간~3시간 미만
,,,,,6,3시간~4시간 미만
,,,,,7,4시간 이상~
,,,주말,YTIM1E02,1,전혀 안 함
,,,,,2,30분 미만
,,,,,3,30분~1시간 미만
,,,,,4,1시간~2시간 미만
,,,,,5,2시간~3시간 미만
,,,,,6,3시간~4시간 미만
,,,,,7,4시간 이상~
,,인터넷 및 TV강의 시간,평일,YTIM1F01,1,전혀 안 함
,,,,,2,30분 미만
,,,,,3,30분~1시간 미만
,,,,,4,1시간~2시간 미만
,,,,,5,2시간~3시간 미만
,,,,,6,3시간~4시간 미만
,,,,,7,4시간 이상~
,,,주말,YTIM1F02,1,전혀 안 함
,,,,,2,30분 미만
,,,,,3,30분~1시간 미만
,,,,,4,1시간~2시간 미만
,,,,,5,2시간~3시간 미만
,,,,,6,3시간~4시간 미만
,,,,,7,4시간 이상~
,,방과 후 학교,평일,YTIM1G01,1,전혀 안 함
,,,,,2,30분 미만
,,,,,3,30분~1시간 미만
,,,,,4,1시간~2시간 미만
,,,,,5,2시간~3시간 미만
,,,,,6,3시간~4시간 미만
,,,,,7,4시간 이상~
,,,주말,YTIM1G02,1,전혀 안 함
,,,,,2,30분 미만
,,,,,3,30분~1시간 미만
,,,,,4,1시간~2시간 미만
,,,,,5,2시간~3시간 미만
,,,,,6,3시간~4시간 미만
,,,,,7,4시간 이상~
,,스스로 공부하는 시간(학교 및 학원 숙제 포함),평일,YTIM1H01,1,전혀 안 함
,,,,,2,30분 미만
,,,,,3,30분~1시간 미만
,,,,,4,1시간~2시간 미만
,,,,,5,2시간~3시간 미만
,,,,,6,3시간~4시간 미만
,,,,,7,4시간 이상~
,,,주말,YTIM1H02,1,전혀 안 함
,,,,,2,30분 미만
,,,,,3,30분~1시간 미만
,,,,,4,1시간~2시간 미만
,,,,,5,2시간~3시간 미만
,,,,,6,3시간~4시간 미만
,,,,,7,4시간 이상~
,,독서시간(교과서 및 참고서 외),평일,YTIM1I01,1,전혀 안 함
,,,,,2,30분 미만
,,,,,3,30분~1시간 미만
,,,,,4,1시간~2시간 미만
,,,,,5,2시간~3시간 미만
,,,,,6,3시간~4시간 미만
,,,,,7,4시간 이상~
,,,주말,YTIM1I02,1,전혀 안 함
,,,,,2,30분 미만
,,,,,3,30분~1시간 미만
,,,,,4,1시간~2시간 미만
,,,,,5,2시간~3시간 미만
,,,,,6,3시간~4시간 미만
,,,,,7,4시간 이상~
,,운동 및 신체활동 시간(학교 수업시간 외),평일,YTIM1J01,1,전혀 안 함
,,,,,2,30분 미만
,,,,,3,30분~1시간 미만
,,,,,4,1시간~2시간 미만
,,,,,5,2시간~3시간 미만
,,,,,6,3시간~4시간 미만
,,,,,7,4시간 이상~
,,,주말,YTIM1J02,1,전혀 안 함
,,,,,2,30분 미만
,,,,,3,30분~1시간 미만
,,,,,4,1시간~2시간 미만
,,,,,5,2시간~3시간 미만
,,,,,6,3시간~4시간 미만
,,,,,7,4시간 이상~
,,스마트폰을 가지고 노는 시간,평일,YTIM1K01,1,전혀 안 함
,,,,,2,30분 미만
,,,,,3,30분~1시간 미만
,,,,,4,1시간~2시간 미만
,,,,,5,2시간~3시간 미만
,,,,,6,3시간~4시간 미만
,,,,,7,4시간 이상~
,,,주말,YTIM1K02,1,전혀 안 함
,,,,,2,30분 미만
,,,,,3,30분~1시간 미만
,,,,,4,1시간~2시간 미만
,,,,,5,2시간~3시간 미만
,,,,,6,3시간~4시간 미만
,,,,,7,4시간 이상~
,,컴퓨터를 가지고 노는 시간,평일,YTIM1L01,1,전혀 안 함
,,,,,2,30분 미만
,,,,,3,30분~1시간 미만
,,,,,4,1시간~2시간 미만
,,,,,5,2시간~3시간 미만
,,,,,6,3시간~4시간 미만
,,,,,7,4시간 이상~
,,,주말,YTIM1L02,1,전혀 안 함
,,,,,2,30분 미만
,,,,,3,30분~1시간 미만
,,,,,4,1시간~2시간 미만
,,,,,5,2시간~3시간 미만
,,,,,6,3시간~4시간 미만
,,,,,7,4시간 이상~
,,TV를 시청하며 노는 시간,평일,YTIM1M01,1,전혀 안 함
,,,,,2,30분 미만
,,,,,3,30분~1시간 미만
,,,,,4,1시간~2시간 미만
,,,,,5,2시간~3시간 미만
,,,,,6,3시간~4시간 미만
,,,,,7,4시간 이상~
,,,주말,YTIM1M02,1,전혀 안 함
,,,,,2,30분 미만
,,,,,3,30분~1시간 미만
,,,,,4,1시간~2시간 미만
,,,,,5,2시간~3시간 미만
,,,,,6,3시간~4시간 미만
,,,,,7,4시간 이상~
,,위의 8)~11) 이외에 친구들과 노는 시간,평일,YTIM1N01,1,전혀 안 함
,,,,,2,30분 미만
,,,,,3,30분~1시간 미만
,,,,,4,1시간~2시간 미만
,,,,,5,2시간~3시간 미만
,,,,,6,3시간~4시간 미만
,,,,,7,4시간 이상~
,,,주말,YTIM1N02,1,전혀 안 함
,,,,,2,30분 미만
,,,,,3,30분~1시간 미만
,,,,,4,1시간~2시간 미만
,,,,,5,2시간~3시간 미만
,,,,,6,3시간~4시간 미만
,,,,,7,4시간 이상~
,스마트폰을 사용합니까?,,,YMDA1A00,1,예. 나의 스마트폰이 있음
,,,,,2,예. 나의 스마트폰은 없지만 부모님 등 다른 가족의 것을 이용함
,,,,,3,아니오. 스마트폰을 사용하지 않음
,스마트폰을 얼마나 자주 사용합니까?,가족과의 통화 ,,YMDA1B01,1,전혀 사용하지 않는다
,,,,,2,거의 사용하지 않는다
,,,,,3,가끔 사용한다
,,,,,4,자주 사용한다
,,"가족과의 문자 메시지(카톡, 라인 등 메신저 포함)",,YMDA1B02,1,전혀 사용하지 않는다
,,,,,2,거의 사용하지 않는다
,,,,,3,가끔 사용한다
,,,,,4,자주 사용한다
,,친구와의 통화 ,,YMDA1B03,1,전혀 사용하지 않는다
,,,,,2,거의 사용하지 않는다
,,,,,3,가끔 사용한다
,,,,,4,자주 사용한다
,,"친구와의 문자 메시지(카톡, 라인 등 메신저 포함)",,YMDA1B04,1,전혀 사용하지 않는다
,,,,,2,거의 사용하지 않는다
,,,,,3,가끔 사용한다
,,,,,4,자주 사용한다
,,"SNS(트위터, 페이스북, 인스타그램 등) 이용",,YMDA1B05,1,전혀 사용하지 않는다
,,,,,2,거의 사용하지 않는다
,,,,,3,가끔 사용한다
,,,,,4,자주 사용한다
,,게임,,YMDA1B06,1,전혀 사용하지 않는다
,,,,,2,거의 사용하지 않는다
,,,,,3,가끔 사용한다
,,,,,4,자주 사용한다
,,사진/동영상 촬영,,YMDA1B07,1,전혀 사용하지 않는다
,,,,,2,거의 사용하지 않는다
,,,,,3,가끔 사용한다
,,,,,4,자주 사용한다
,,"TV 및 동영상 시청(DMB, 아프리카 TV, 판도라 TV, 유튜브 등)",,YMDA1B08,1,전혀 사용하지 않는다
,,,,,2,거의 사용하지 않는다
,,,,,3,가끔 사용한다
,,,,,4,자주 사용한다
,,음악 감상,,YMDA1B09,1,전혀 사용하지 않는다
,,,,,2,거의 사용하지 않는다
,,,,,3,가끔 사용한다
,,,,,4,자주 사용한다
,,"정보 검색(학교홈페이지, 뉴스, 포탈사이트, 웹서핑 등 학습·비학습 관련 모두 포함)",,YMDA1B10,1,전혀 사용하지 않는다
,,,,,2,거의 사용하지 않는다
,,,,,3,가끔 사용한다
,,,,,4,자주 사용한다
,,"문서 보기(웹툰, e-Book 등)",,YMDA1B11,1,전혀 사용하지 않는다
,,,,,2,거의 사용하지 않는다
,,,,,3,가끔 사용한다
,,,,,4,자주 사용한다
,,학업 또는 업무 관련,,YMDA1B12,1,전혀 사용하지 않는다
,,,,,2,거의 사용하지 않는다
,,,,,3,가끔 사용한다
,,,,,4,자주 사용한다
,,기타,,YMDA1B13,1,전혀 사용하지 않는다
,,,,,2,거의 사용하지 않는다
,,,,,3,가끔 사용한다
,,,,,4,자주 사용한다
,,,,,8,해당없음
,,기타 (구체적으로),,YMDA1B13_T,-,
,스마트폰 이용에 대해 자신이 어떻게 느끼고 있는지 응답해 주십시오.,스마트폰의 지나친 사용으로 학교성적이 떨어진다,,YMDA1C01,1,전혀 그렇지 않다
,,,,,2,그렇지 않은 편이다
,,,,,3,그런 편이다
,,,,,4,매우 그렇다
,,수시로 스마트폰을 사용하다가 지적을 받은 적이 있다,,YMDA1C02,1,전혀 그렇지 않다
,,,,,2,그렇지 않은 편이다
,,,,,3,그런 편이다
,,,,,4,매우 그렇다
,,스마트폰을 너무 자주 또는 오래한다고 가족이나 친구들로부터 불평을 들은 적이 있다,,YMDA1C03,1,전혀 그렇지 않다
,,,,,2,그렇지 않은 편이다
,,,,,3,그런 편이다
,,,,,4,매우 그렇다
,,스마트폰을 사용하느라 지금 하고 있는 일(공부)에 집중이 안 된 적이 있다,,YMDA1C04,1,전혀 그렇지 않다
,,,,,2,그렇지 않은 편이다
,,,,,3,그런 편이다
,,,,,4,매우 그렇다
,,스마트폰 사용이 지금 하고 있는 일(공부)에 방해가 되지 않는다,,YMDA1C05,1,전혀 그렇지 않다
,,,,,2,그렇지 않은 편이다
,,,,,3,그런 편이다
,,,,,4,매우 그렇다
,,스마트폰을 사용하지 못하면 온 세상을 잃은 것 같은 생각이 든다,,YMDA1C06,1,전혀 그렇지 않다
,,,,,2,그렇지 않은 편이다
,,,,,3,그런 편이다
,,,,,4,매우 그렇다
,,가족이나 친구들과 함께 있는 것보다 스마트폰을 사용하고 있는 것이 더 즐겁다,,YMDA1C07,1,전혀 그렇지 않다
,,,,,2,그렇지 않은 편이다
,,,,,3,그런 편이다
,,,,,4,매우 그렇다
,,스마트폰을 사용할 수 없게 된다면 견디기 힘들 것이다,,YMDA1C08,1,전혀 그렇지 않다
,,,,,2,그렇지 않은 편이다
,,,,,3,그런 편이다
,,,,,4,매우 그렇다
,,스마트폰이 없으면 안절부절 못하고 초조해진다,,YMDA1C09,1,전혀 그렇지 않다
,,,,,2,그렇지 않은 편이다
,,,,,3,그런 편이다
,,,,,4,매우 그렇다
,,스마트폰이 없어도 불안하지 않다,,YMDA1C10,1,전혀 그렇지 않다
,,,,,2,그렇지 않은 편이다
,,,,,3,그런 편이다
,,,,,4,매우 그렇다
,,"스마트폰이 옆에 없으면, 하루 종일 일(공부)이 손에 안 잡힌다",,YMDA1C11,1,전혀 그렇지 않다
,,,,,2,그렇지 않은 편이다
,,,,,3,그런 편이다
,,,,,4,매우 그렇다
,,스마트폰 사용시간을 줄이려고 해보았지만 실패한다,,YMDA1C12,1,전혀 그렇지 않다
,,,,,2,그렇지 않은 편이다
,,,,,3,그런 편이다
,,,,,4,매우 그렇다
,,스마트폰을 사용할 때 그만해야지 라고 생각은 하면서도 계속한다,,YMDA1C13,1,전혀 그렇지 않다
,,,,,2,그렇지 않은 편이다
,,,,,3,그런 편이다
,,,,,4,매우 그렇다
,,스마트폰 사용에 많은 시간을 보내는 것이 습관화되었다,,YMDA1C14,1,전혀 그렇지 않다
,,,,,2,그렇지 않은 편이다
,,,,,3,그런 편이다
,,,,,4,매우 그렇다
,,스마트폰 사용에 많은 시간을 보내지 않는다,,YMDA1C15,1,전혀 그렇지 않다
,,,,,2,그렇지 않은 편이다
,,,,,3,그런 편이다
,,,,,4,매우 그렇다
,"지난 1년 동안 다음과 같은 체험활동에 참여한 적이 있습니까? 참여한 적이 있다면 총 참여 횟수는 얼마나 되는지, 또한 참여 경험이 얼마나 만족스러웠는지 응답해 주십시오.",지난 1년간 참여 횟수,문화/예술 관련 활동(공연 감상 등),YACT1A01,1,없다
,,,,,2,1~2회
,,,,,3,3~4회
,,,,,4,5회 이상
,,,"과학/정보 관련 활동(경진 대회, 과학 실험 등)",YACT1A02,1,없다
,,,,,2,1~2회
,,,,,3,3~4회
,,,,,4,5회 이상
,,,"모험/개척 관련 활동(탐사·등반, 야영 등)",YACT1A03,1,없다
,,,,,2,1~2회
,,,,,3,3~4회
,,,,,4,5회 이상
,,,"자원봉사활동(일손 돕기, 자선·구호 등)",YACT1A04,1,없다
,,,,,2,1~2회
,,,,,3,3~4회
,,,,,4,5회 이상
,,,"직업/진로 관련 활동(직업 체험, 진로 탐색 등)",YACT1A05,1,없다
,,,,,2,1~2회
,,,,,3,3~4회
,,,,,4,5회 이상
,,,국제 교류 활동,YACT1A06,1,없다
,,,,,2,1~2회
,,,,,3,3~4회
,,,,,4,5회 이상
,,,"건강/보건 관련 활동(신체단련, 안전·응급처치 등)",YACT1A07,1,없다
,,,,,2,1~2회
,,,,,3,3~4회
,,,,,4,5회 이상
,,,"자기(인성)계발 관련 활동(자기표현, 마음 수련 등)",YACT1A08,1,없다
,,,,,2,1~2회
,,,,,3,3~4회
,,,,,4,5회 이상
,,,"환경 보존 관련 활동(생태·숲 체험, 환경 살리기 등)",YACT1A09,1,없다
,,,,,2,1~2회
,,,,,3,3~4회
,,,,,4,5회 이상
,,(참여한 적이 있다면) 만족도,문화/예술 관련 활동(공연 감상 등),YACT1B01,1,전혀 만족하지 않는다
,,,,,2,만족하지 않는 편이다
,,,,,3,만족하는 편이다
,,,,,4,매우 만족한다
,,,"과학/정보 관련 활동(경진 대회, 과학 실험 등)",YACT1B02,1,전혀 만족하지 않는다
,,,,,2,만족하지 않는 편이다
,,,,,3,만족하는 편이다
,,,,,4,매우 만족한다
,,,"모험/개척 관련 활동(탐사·등반, 야영 등)",YACT1B03,1,전혀 만족하지 않는다
,,,,,2,만족하지 않는 편이다
,,,,,3,만족하는 편이다
,,,,,4,매우 만족한다
,,,"자원봉사활동(일손 돕기, 자선·구호 등)",YACT1B04,1,전혀 만족하지 않는다
,,,,,2,만족하지 않는 편이다
,,,,,3,만족하는 편이다
,,,,,4,매우 만족한다
,,,"직업/진로 관련 활동(직업 체험, 진로 탐색 등)",YACT1B05,1,전혀 만족하지 않는다
,,,,,2,만족하지 않는 편이다
,,,,,3,만족하는 편이다
,,,,,4,매우 만족한다
,,,국제 교류 활동,YACT1B06,1,전혀 만족하지 않는다
,,,,,2,만족하지 않는 편이다
,,,,,3,만족하는 편이다
,,,,,4,매우 만족한다
,,,"건강/보건 관련 활동(신체단련, 안전·응급처치 등)",YACT1B07,1,전혀 만족하지 않는다
,,,,,2,만족하지 않는 편이다
,,,,,3,만족하는 편이다
,,,,,4,매우 만족한다
,,,"자기(인성)계발 관련 활동(자기표현, 마음 수련 등)",YACT1B08,1,전혀 만족하지 않는다
,,,,,2,만족하지 않는 편이다
,,,,,3,만족하는 편이다
,,,,,4,매우 만족한다
,,,"환경 보존 관련 활동(생태·숲 체험, 환경 살리기 등)",YACT1B09,1,전혀 만족하지 않는다
,,,,,2,만족하지 않는 편이다
,,,,,3,만족하는 편이다
,,,,,4,매우 만족한다
,"지난 1년 동안 다음과 같은 동아리 활동에 참여한 경험이 있습니까?경험이 있다면 총 참여 횟수가 얼마나 되는지, 또한 그 경험이 얼마나 만족스러웠는지 응답해 주십시오.",지난 1년간 참여 횟수,"교내 공식 동아리(방송반, 컴퓨터반 등 학교에서 인정한 모임)",YACT2A01,1,없다
,,,,,2,1~2회
,,,,,3,3~4회
,,,,,4,5회 이상
,,,"교외 공식 동아리(청소년수련관, 사회복지관 등에서 지원하는 모임)",YACT2A02,1,없다
,,,,,2,1~2회
,,,,,3,3~4회
,,,,,4,5회 이상
,,(참여한 적이 있다면)만족도,"교내 공식 동아리(방송반, 컴퓨터반 등 학교에서 인정한 모임)",YACT2B01,1,전혀 만족하지 않는다
,,,,,2,만족하지 않는 편이다
,,,,,3,만족하는 편이다
,,,,,4,매우 만족한다
,,,"교외 공식 동아리(청소년수련관, 사회복지관 등에서 지원하는 모임)",YACT2B02,1,전혀 만족하지 않는다
,,,,,2,만족하지 않는 편이다
,,,,,3,만족하는 편이다
,,,,,4,매우 만족한다
,특별히 좋아하는 연예인이나 운동선수가 있습니까?,,,YACT3A00,1,있다
,,,,,2,없다
,좋아하는 연예인이나 운동선수와 관련하여 다음과 같은 행동을 얼마나 자주 했는지 응답해 주십시오.,팬미팅(싸인회) 참석하기,,YACT3B01,1,전혀없다
,,,,,2,1년에 1~2번
,,,,,3,한 달에 한 번
,,,,,4,한 달에 2~3번
,,,,,5,1주일에 1번
,,,,,6,1주일에 여러 번
,,팬클럽이나 팬카페 활동하기,,YACT3B02,1,전혀없다
,,,,,2,1년에 1~2번
,,,,,3,한 달에 한 번
,,,,,4,한 달에 2~3번
,,,,,5,1주일에 1번
,,,,,6,1주일에 여러 번
,,"방송국이나 공연장, 영화관(시사회), 경기장, 행사장가기",,YACT3B03,1,전혀없다
,,,,,2,1년에 1~2번
,,,,,3,한 달에 한 번
,,,,,4,한 달에 2~3번
,,,,,5,1주일에 1번
,,,,,6,1주일에 여러 번
,,팬레터 쓰기 및 메시지 보내기,,YACT3B04,1,전혀없다
,,,,,2,1년에 1~2번
,,,,,3,한 달에 한 번
,,,,,4,한 달에 2~3번
,,,,,5,1주일에 1번
,,,,,6,1주일에 여러 번
,,선물 보내기,,YACT3B05,1,전혀없다
,,,,,2,1년에 1~2번
,,,,,3,한 달에 한 번
,,,,,4,한 달에 2~3번
,,,,,5,1주일에 1번
,,,,,6,1주일에 여러 번
,,"SNS, 블로그, 트위터, 기사 등에 댓글 달기",,YACT3B06,1,전혀없다
,,,,,2,1년에 1~2번
,,,,,3,한 달에 한 번
,,,,,4,한 달에 2~3번
,,,,,5,1주일에 1번
,,,,,6,1주일에 여러 번
,,사진과 동영상 감상 및 업로드하기,,YACT3B07,1,전혀없다
,,,,,2,1년에 1~2번
,,,,,3,한 달에 한 번
,,,,,4,한 달에 2~3번
,,,,,5,1주일에 1번
,,,,,6,1주일에 여러 번
,,"책, CD, DVD, 화보집 구입하기",,YACT3B08,1,전혀없다
,,,,,2,1년에 1~2번
,,,,,3,한 달에 한 번
,,,,,4,한 달에 2~3번
,,,,,5,1주일에 1번
,,,,,6,1주일에 여러 번
,,"굿즈(응원봉, 캐릭터, 플래카드, 인형 등) 만들기 또는 구입하기",,YACT3B09,1,전혀없다
,,,,,2,1년에 1~2번
,,,,,3,한 달에 한 번
,,,,,4,한 달에 2~3번
,,,,,5,1주일에 1번
,,,,,6,1주일에 여러 번
,지난 학기(조사년도 1학기) 전 과목 성적은 다음 중 어디에 해당한다고 생각하십니까?,,,YINT1A00,1,매우 못함
,,,,,2,못함
,,,,,3,보통
,,,,,4,잘함
,,,,,5,매우 잘함
,,,,,6,잘 모르겠음
,지난 학기(조사년도 1학기) 학교성적에 대해 얼마나 만족하십니까?,,,YINT1B00,1,매우 불만족
,,,,,2,불만족
,,,,,3,보통
,,,,,4,만족
,,,,,5,매우 만족
,,,,,6,잘 모르겠음
,지난 학기(조사년도 1학기) 학교생활에 얼마나 만족하십니까?,,,YEDU1A00,1,매우 불만족
,,,,,2,불만족
,,,,,3,보통
,,,,,4,만족
,,,,,5,매우 만족
,,,,,6,잘 모르겠음
,지난 학기(2020년도 1학기) 온라인 개학 기간 중 학교생활에 얼마나 만족하십니까?,,,YEDU1A01,1,매우 불만족
,,,,,2,불만족
,,,,,3,보통
,,,,,4,만족
,,,,,5,매우 만족
,,,,,6,잘 모르겠음
,지난 학기(2020년도 1학기) 등교 개학 기간 중 학교생활에 얼마나 만족하십니까?,,,YEDU1A02,1,매우 불만족
,,,,,2,불만족
,,,,,3,보통
,,,,,4,만족
,,,,,5,매우 만족
,,,,,6,잘 모르겠음
,지난 학기(2021년도 1학기) 학교생활에서 등교수업과 원격수업은 일주일 중 평균적으로 며칠씩 했습니까?,등교수업,,YEDU1B01,-,일
,,원격수업,,YEDU1B02,-,일
,지난 학기(2021년도 1학기) 등교수업에 얼마나 만족하십니까?,,,YEDU1C01,1,매우 불만족
,,,,,2,불만족
,,,,,3,보통
,,,,,4,만족
,,,,,5,매우 만족
,,,,,6,잘 모르겠음
,지난 학기(2021년도 1학기) 원격수업에 얼마나 만족하십니까?,,,YEDU1C02,1,매우 불만족
,,,,,2,불만족
,,,,,3,보통
,,,,,4,만족
,,,,,5,매우 만족
,,,,,6,잘 모르겠음
,다음 각 문항에 대하여 자신에게 해당되는 항목에 응답해 주십시오.,나는 내가 하고 있는 공부의 의미와 목적을 분명히 안다,,YINT2A01,1,전혀 그렇지 않다
,,,,,2,그렇지 않은 편이다
,,,,,3,그런 편이다
,,,,,4,매우 그렇다
,,나는 공부란 도전해 볼만한 것이라고 생각한다,,YINT2A02,1,전혀 그렇지 않다
,,,,,2,그렇지 않은 편이다
,,,,,3,그런 편이다
,,,,,4,매우 그렇다
,,나는 공부를 하면 뿌듯해진다,,YINT2A03,1,전혀 그렇지 않다
,,,,,2,그렇지 않은 편이다
,,,,,3,그런 편이다
,,,,,4,매우 그렇다
,,나는 공부를 통해 자아실현을 할 수 있다고 생각한다,,YINT2A04,1,전혀 그렇지 않다
,,,,,2,그렇지 않은 편이다
,,,,,3,그런 편이다
,,,,,4,매우 그렇다
,,나는 공부할 때 힘이 나고 활기가 생긴다,,YINT2A05,1,전혀 그렇지 않다
,,,,,2,그렇지 않은 편이다
,,,,,3,그런 편이다
,,,,,4,매우 그렇다
,,나는 공부할 때 에너지가 생긴다,,YINT2A06,1,전혀 그렇지 않다
,,,,,2,그렇지 않은 편이다
,,,,,3,그런 편이다
,,,,,4,매우 그렇다
,,나는 공부할 때 정신적으로 힘이 난다,,YINT2A07,1,전혀 그렇지 않다
,,,,,2,그렇지 않은 편이다
,,,,,3,그런 편이다
,,,,,4,매우 그렇다
,,아침에 일어나면 수업 들으러 학교에 가고 싶다,,YINT2A08,1,전혀 그렇지 않다
,,,,,2,그렇지 않은 편이다
,,,,,3,그런 편이다
,,,,,4,매우 그렇다
,,나는 공부를 잘한다,,YINT2A09,1,전혀 그렇지 않다
,,,,,2,그렇지 않은 편이다
,,,,,3,그런 편이다
,,,,,4,매우 그렇다
,,나는 공부에 있어 누구에게도 뒤지지 않는다,,YINT2A10,1,전혀 그렇지 않다
,,,,,2,그렇지 않은 편이다
,,,,,3,그런 편이다
,,,,,4,매우 그렇다
,,나는 공부에 자신이 있다,,YINT2A11,1,전혀 그렇지 않다
,,,,,2,그렇지 않은 편이다
,,,,,3,그런 편이다
,,,,,4,매우 그렇다
,,나는 어려운 과제도 충분히 해결할 만한 능력이 있다,,YINT2A12,1,전혀 그렇지 않다
,,,,,2,그렇지 않은 편이다
,,,,,3,그런 편이다
,,,,,4,매우 그렇다
,,나는 공부할 때 내 주변의 다른 모든 것을 잊어버린다,,YINT2A13,1,전혀 그렇지 않다
,,,,,2,그렇지 않은 편이다
,,,,,3,그런 편이다
,,,,,4,매우 그렇다
,,나는 공부를 시작하면 푹 빠진다 ,,YINT2A14,1,전혀 그렇지 않다
,,,,,2,그렇지 않은 편이다
,,,,,3,그런 편이다
,,,,,4,매우 그렇다
,,공부를 하다보면 나도 모르게 집중할 때가 있다,,YINT2A15,1,전혀 그렇지 않다
,,,,,2,그렇지 않은 편이다
,,,,,3,그런 편이다
,,,,,4,매우 그렇다
,,나는 공부할 때 시간이 잘 간다,,YINT2A16,1,전혀 그렇지 않다
,,,,,2,그렇지 않은 편이다
,,,,,3,그런 편이다
,,,,,4,매우 그렇다
,다음 각 문항에 대하여 자신에게 해당되는 항목에 응답해 주십시오.,실력 차이를 내 힘으로 극복할 수는 없다고 생각한다,,YINT2B01,1,전혀 그렇지 않다
,,,,,2,그렇지 않은 편이다
,,,,,3,그런 편이다
,,,,,4,매우 그렇다
,,아무리 공부해도 내가 지금보다 더 잘할 수는 없다고 생각한다,,YINT2B02,1,전혀 그렇지 않다
,,,,,2,그렇지 않은 편이다
,,,,,3,그런 편이다
,,,,,4,매우 그렇다
,,내 힘으로 학업 문제를 해결할 수는 없다고 생각한다,,YINT2B03,1,전혀 그렇지 않다
,,,,,2,그렇지 않은 편이다
,,,,,3,그런 편이다
,,,,,4,매우 그렇다
,,공부를 잘하기 위하여 내가 할 수 있는 일이 없다고 생각한다,,YINT2B04,1,전혀 그렇지 않다
,,,,,2,그렇지 않은 편이다
,,,,,3,그런 편이다
,,,,,4,매우 그렇다
,,공부에 신경 쓰고 싶지 않다,,YINT2B05,1,전혀 그렇지 않다
,,,,,2,그렇지 않은 편이다
,,,,,3,그런 편이다
,,,,,4,매우 그렇다
,,공부를 왜 해야 하는지 관심도 없다,,YINT2B06,1,전혀 그렇지 않다
,,,,,2,그렇지 않은 편이다
,,,,,3,그런 편이다
,,,,,4,매우 그렇다
,,공부를 열심히 해야 하는 이유를 모르겠다,,YINT2B07,1,전혀 그렇지 않다
,,,,,2,그렇지 않은 편이다
,,,,,3,그런 편이다
,,,,,4,매우 그렇다
,,공부하고 싶은 의욕이 생기지 않는다,,YINT2B08,1,전혀 그렇지 않다
,,,,,2,그렇지 않은 편이다
,,,,,3,그런 편이다
,,,,,4,매우 그렇다
,,공부하는 것이 즐겁지 않다,,YINT2B09,1,전혀 그렇지 않다
,,,,,2,그렇지 않은 편이다
,,,,,3,그런 편이다
,,,,,4,매우 그렇다
,,수업을 듣거나 모둠활동을 하면서 유쾌함을 느끼지 못한다,,YINT2B10,1,전혀 그렇지 않다
,,,,,2,그렇지 않은 편이다
,,,,,3,그런 편이다
,,,,,4,매우 그렇다
,,학교에서 생활하면서 행복함을 느끼지 못한다,,YINT2B11,1,전혀 그렇지 않다
,,,,,2,그렇지 않은 편이다
,,,,,3,그런 편이다
,,,,,4,매우 그렇다
,,점수가 잘 나온다 해도 기쁘지 않다,,YINT2B12,1,전혀 그렇지 않다
,,,,,2,그렇지 않은 편이다
,,,,,3,그런 편이다
,,,,,4,매우 그렇다
,,시험기간이라도 공부에 전념하지 않는다,,YINT2B13,1,전혀 그렇지 않다
,,,,,2,그렇지 않은 편이다
,,,,,3,그런 편이다
,,,,,4,매우 그렇다
,,스스로 알아서 공부하지 않는다,,YINT2B14,1,전혀 그렇지 않다
,,,,,2,그렇지 않은 편이다
,,,,,3,그런 편이다
,,,,,4,매우 그렇다
,,수업에 적극적으로 참여하지 않는다,,YINT2B15,1,전혀 그렇지 않다
,,,,,2,그렇지 않은 편이다
,,,,,3,그런 편이다
,,,,,4,매우 그렇다
,,스스로 알아서 학습계획을 짜본 적이 없다,,YINT2B16,1,전혀 그렇지 않다
,,,,,2,그렇지 않은 편이다
,,,,,3,그런 편이다
,,,,,4,매우 그렇다
,앞으로 어느 정도 수준까지 공부할 계획입니까?,,,YFUR1A00,1,고등학교 졸업
,,,,,2,2-3년제 전문대학 졸업
,,,,,3,4년제 대학교 졸업
,,,,,4,"대학원(석사, 박사) 이상"
,,,,,5,잘 모르겠음
,장래에 자신이 하고자 하는 직업을 결정하였습니까?,,,YFUR1B00,1,아직 하고 싶은 직업을 정하지 않았다
,,,,,2,대강 하고 싶은 직업이 있다
,,,,,3,구체적으로 정해 놓은 직업이 있다
,"진로(진학, 직업 선택 등)와 관련하여 다음 분들과 얼마나 자주 대화(또는 상담)하십니까?",아버지,,YFUR2A01,1,전혀 대화하지 않는다
,,,,,2,별로 대화하지 않는다
,,,,,3,가끔 대화한다
,,,,,4,자주 대화한다
,,,,,8,해당없음
,,어머니,,YFUR2A02,1,전혀 대화하지 않는다
,,,,,2,별로 대화하지 않는다
,,,,,3,가끔 대화한다
,,,,,4,자주 대화한다
,,,,,8,해당없음
,,형제‧자매,,YFUR2A03,1,전혀 대화하지 않는다
,,,,,2,별로 대화하지 않는다
,,,,,3,가끔 대화한다
,,,,,4,자주 대화한다
,,,,,8,해당없음
,,친척‧친지,,YFUR2A04,1,전혀 대화하지 않는다
,,,,,2,별로 대화하지 않는다
,,,,,3,가끔 대화한다
,,,,,4,자주 대화한다
,,,,,8,해당없음
,,학교 선생님,,YFUR2A05,1,전혀 대화하지 않는다
,,,,,2,별로 대화하지 않는다
,,,,,3,가끔 대화한다
,,,,,4,자주 대화한다
,,,,,8,해당없음
,,상담교사,,YFUR2A06,1,전혀 대화하지 않는다
,,,,,2,별로 대화하지 않는다
,,,,,3,가끔 대화한다
,,,,,4,자주 대화한다
,,,,,8,해당없음
,,학원/과외 선생님,,YFUR2A07,1,전혀 대화하지 않는다
,,,,,2,별로 대화하지 않는다
,,,,,3,가끔 대화한다
,,,,,4,자주 대화한다
,,,,,8,해당없음
,,기타,,YFUR2A08,1,전혀 대화하지 않는다
,,,,,2,별로 대화하지 않는다
,,,,,3,가끔 대화한다
,,,,,4,자주 대화한다
,,,,,8,해당없음
,,기타 (구체적으로),,YFUR2A08_T,-,
,다음 각 문항에 대하여 자신에게 해당되는 항목에 응답해 주십시오.,나는 내 미래의 직업에 대해 많은 관심을 두지 못하고 있는 것 같다,,YFUR3A01,1,전혀 그렇지 않다
,,,,,2,그렇지 않은 편이다
,,,,,3,그런 편이다
,,,,,4,매우 그렇다
,,나는 내가 바라는 직업에 대해 별로 생각하지 않는다,,YFUR3A02,1,전혀 그렇지 않다
,,,,,2,그렇지 않은 편이다
,,,,,3,그런 편이다
,,,,,4,매우 그렇다
,,나는 정말 끌리는 일을 찾지 못하겠다,,YFUR3A03,1,전혀 그렇지 않다
,,,,,2,그렇지 않은 편이다
,,,,,3,그런 편이다
,,,,,4,매우 그렇다
,,나는 직업에 필요한 요건에 대해 아는 것이 거의 없다,,YFUR3B01,1,전혀 그렇지 않다
,,,,,2,그렇지 않은 편이다
,,,,,3,그런 편이다
,,,,,4,매우 그렇다
,,나는 내가 원하는 분야의 일을 하기 위해 어떻게 시작해야 할지 모르겠다,,YFUR3B02,1,전혀 그렇지 않다
,,,,,2,그렇지 않은 편이다
,,,,,3,그런 편이다
,,,,,4,매우 그렇다
,,나는 내가 하고 싶은 일을 위해 나 자신을 준비하는데 어려움을 겪고 있다,,YFUR3B03,1,전혀 그렇지 않다
,,,,,2,그렇지 않은 편이다
,,,,,3,그런 편이다
,,,,,4,매우 그렇다
,,나는 학교에서 어떤 과목을 이수해야 할지 모르겠다,,YFUR3B04,1,전혀 그렇지 않다
,,,,,2,그렇지 않은 편이다
,,,,,3,그런 편이다
,,,,,4,매우 그렇다
,,내가 세운 직업 계획이 현실적인지 모르겠다,,YFUR3B05,1,전혀 그렇지 않다
,,,,,2,그렇지 않은 편이다
,,,,,3,그런 편이다
,,,,,4,매우 그렇다
,,사람마다 나에게 하는 말이 달라 나는 어떤 분야의 일을 선택해야 할지 모르겠다,,YFUR3C01,1,전혀 그렇지 않다
,,,,,2,그렇지 않은 편이다
,,,,,3,그런 편이다
,,,,,4,매우 그렇다
,,나는 직업 선택을 계속 바꾸고 있다,,YFUR3C02,1,전혀 그렇지 않다
,,,,,2,그렇지 않은 편이다
,,,,,3,그런 편이다
,,,,,4,매우 그렇다
,,나는 내가 뭐가 되고 싶은지에 대해 자주 공상하지만 실제로 아직 직업을 선택하지는 못했다,,YFUR3C03,1,전혀 그렇지 않다
,,,,,2,그렇지 않은 편이다
,,,,,3,그런 편이다
,,,,,4,매우 그렇다
,,직업을 선택할 때 고려해야 할 것이 너무 많아 직업을 결정하는 것이 어렵다,,YFUR3C04,1,전혀 그렇지 않다
,,,,,2,그렇지 않은 편이다
,,,,,3,그런 편이다
,,,,,4,매우 그렇다
,,사람들이 자신이 하고 싶은 일에 어떻게 그렇게 확신을 갖는지 나는 이해할 수 없다,,YFUR3C05,1,전혀 그렇지 않다
,,,,,2,그렇지 않은 편이다
,,,,,3,그런 편이다
,,,,,4,매우 그렇다
,현재 자신의 생활에 대해 어떻게 생각하는지에 대한 질문입니다. 다음 각 문항에 대하여 자신에게 해당되는 항목에 응답해 주십시오.,"전반적으로 볼 때, 나의 삶은 나의 이상에 가깝다",,YPSY1A01,1,전혀 그렇지 않다
,,,,,2,그렇지 않은 편이다
,,,,,3,그런 편이다
,,,,,4,매우 그렇다
,,내 삶의 상황들은 아주 좋다,,YPSY1A02,1,전혀 그렇지 않다
,,,,,2,그렇지 않은 편이다
,,,,,3,그런 편이다
,,,,,4,매우 그렇다
,,나는 내 삶에 만족한다,,YPSY1A03,1,전혀 그렇지 않다
,,,,,2,그렇지 않은 편이다
,,,,,3,그런 편이다
,,,,,4,매우 그렇다
,,지금까지 내 삶에서 내가 원하는 중요한 것들을 이루어 냈다,,YPSY1A04,1,전혀 그렇지 않다
,,,,,2,그렇지 않은 편이다
,,,,,3,그런 편이다
,,,,,4,매우 그렇다
,,"만약 내 삶을 다시 살 수 있더라도, 나는 거의 아무것도 바꾸지 않을 것이다",,YPSY1A05,1,전혀 그렇지 않다
,,,,,2,그렇지 않은 편이다
,,,,,3,그런 편이다
,,,,,4,매우 그렇다
,아래 문항을 읽고 자신을 가장 잘 설명한다고 생각하는 항목에 응답해 주십시오.,전반적으로 나는 … ,,YPSY2A01,1,아주 불행한 사람이다
,,,,,2,불행한 사람이다
,,,,,3,행복한 사람이다
,,,,,4,아주 행복한 사람이다
,,다른 사람과 비교했을 때 나는…,,YPSY2A02,1,아주 불행한 사람이다
,,,,,2,불행한 사람이다
,,,,,3,행복한 사람이다
,,,,,4,아주 행복한 사람이다
,아래 문항을 읽고 자신을 가장 잘 설명한다고 생각하는 항목에 응답해 주십시오.,전반적으로 아주 행복한 사람들이 있다.그들은 무슨 일이 있어도 개의치 않고 즐겁게 지내는 편이다. 나는 …,,YPSY2A03,1,전혀 그렇지 않다
,,,,,2,그렇지 않은 편이다
,,,,,3,그런 편이다
,,,,,4,매우 그렇다
,,전반적으로 아주 불행한 사람들이 있다.그들은 특별히 우울한 일이 없어도 행복하지 않아 보인다.  나는 …,,YPSY2A04,1,전혀 그렇지 않다
,,,,,2,그렇지 않은 편이다
,,,,,3,그런 편이다
,,,,,4,매우 그렇다
,다음 각 문항에 대하여 자신에게 해당되는 항목에 응답해 주십시오.,나는 나에게 만족한다,,YPSY3A01,1,전혀 그렇지 않다
,,,,,2,그렇지 않은 편이다
,,,,,3,그런 편이다
,,,,,4,매우 그렇다
,,때때로 나는 내가 어디에도 소용없는 사람이라고 생각한다,,YPSY3A02,1,전혀 그렇지 않다
,,,,,2,그렇지 않은 편이다
,,,,,3,그런 편이다
,,,,,4,매우 그렇다
,,나는 내가 장점이 많다고 느낀다,,YPSY3A03,1,전혀 그렇지 않다
,,,,,2,그렇지 않은 편이다
,,,,,3,그런 편이다
,,,,,4,매우 그렇다
,,나는 내가 적어도 다른 사람만큼 가치 있는 사람이라고 느낀다,,YPSY3A04,1,전혀 그렇지 않다
,,,,,2,그렇지 않은 편이다
,,,,,3,그런 편이다
,,,,,4,매우 그렇다
,,나는 내가 자랑스러워할 만한 것이 별로 없다고 느낀다,,YPSY3A05,1,전혀 그렇지 않다
,,,,,2,그렇지 않은 편이다
,,,,,3,그런 편이다
,,,,,4,매우 그렇다
,,때때로 나는 내가 쓸모없는 존재로 느껴진다,,YPSY3A06,1,전혀 그렇지 않다
,,,,,2,그렇지 않은 편이다
,,,,,3,그런 편이다
,,,,,4,매우 그렇다
,,나는 남들만큼의 일은 할 수 있다,,YPSY3A07,1,전혀 그렇지 않다
,,,,,2,그렇지 않은 편이다
,,,,,3,그런 편이다
,,,,,4,매우 그렇다
,,나는 나를 좀 더 존중할 수 있었으면 좋겠다,,YPSY3A08,1,전혀 그렇지 않다
,,,,,2,그렇지 않은 편이다
,,,,,3,그런 편이다
,,,,,4,매우 그렇다
,,나는 내가 실패자라고 느끼는 경향이 있다,,YPSY3A09,1,전혀 그렇지 않다
,,,,,2,그렇지 않은 편이다
,,,,,3,그런 편이다
,,,,,4,매우 그렇다
,,나는 나에 대해 긍정적인 태도를 지니고 있다,,YPSY3A10,1,전혀 그렇지 않다
,,,,,2,그렇지 않은 편이다
,,,,,3,그런 편이다
,,,,,4,매우 그렇다
,다음 각 문항에 대하여 자신에게 해당되는 항목에 응답해 주십시오.,칭찬을 받거나 벌을 받아도 금방 다시 주의가 산만해진다,,YPSY4A01,1,전혀 그렇지 않다
,,,,,2,그렇지 않은 편이다
,,,,,3,그런 편이다
,,,,,4,매우 그렇다
,,문제를 풀 때 문제를 끝까지 읽지 않는 편이다,,YPSY4A02,1,전혀 그렇지 않다
,,,,,2,그렇지 않은 편이다
,,,,,3,그런 편이다
,,,,,4,매우 그렇다
,,오랫동안 집중해야 하는 과제는 하고 싶지 않다,,YPSY4A03,1,전혀 그렇지 않다
,,,,,2,그렇지 않은 편이다
,,,,,3,그런 편이다
,,,,,4,매우 그렇다
,,연필이나 지우개 등 학용품을 잘 잃어버린다,,YPSY4A04,1,전혀 그렇지 않다
,,,,,2,그렇지 않은 편이다
,,,,,3,그런 편이다
,,,,,4,매우 그렇다
,,주의를 기울이지 않아서 실수를 하거나 사고를 낸다,,YPSY4A05,1,전혀 그렇지 않다
,,,,,2,그렇지 않은 편이다
,,,,,3,그런 편이다
,,,,,4,매우 그렇다
,,공부할 때 차분하게 앉아 있기 힘들다,,YPSY4A06,1,전혀 그렇지 않다
,,,,,2,그렇지 않은 편이다
,,,,,3,그런 편이다
,,,,,4,매우 그렇다
,,글자를 잘 빠뜨리고 쓰는 편이다,,YPSY4A07,1,전혀 그렇지 않다
,,,,,2,그렇지 않은 편이다
,,,,,3,그런 편이다
,,,,,4,매우 그렇다
,,작은 일에도 트집을 잡을 때가 있다,,YPSY4B01,1,전혀 그렇지 않다
,,,,,2,그렇지 않은 편이다
,,,,,3,그런 편이다
,,,,,4,매우 그렇다
,,남이 하는 일을 방해할 때가 있다,,YPSY4B02,1,전혀 그렇지 않다
,,,,,2,그렇지 않은 편이다
,,,,,3,그런 편이다
,,,,,4,매우 그렇다
,,내가 원하는 것을 못하게 하면 따지거나 덤빈다,,YPSY4B03,1,전혀 그렇지 않다
,,,,,2,그렇지 않은 편이다
,,,,,3,그런 편이다
,,,,,4,매우 그렇다
,,별 것 아닌 일로 싸우곤 한다,,YPSY4B04,1,전혀 그렇지 않다
,,,,,2,그렇지 않은 편이다
,,,,,3,그런 편이다
,,,,,4,매우 그렇다
,,하루 종일 화가 날 때가 있다,,YPSY4B05,1,전혀 그렇지 않다
,,,,,2,그렇지 않은 편이다
,,,,,3,그런 편이다
,,,,,4,매우 그렇다
,,아무 이유 없이 울 때가 있다,,YPSY4B06,1,전혀 그렇지 않다
,,,,,2,그렇지 않은 편이다
,,,,,3,그런 편이다
,,,,,4,매우 그렇다
,,깊이 잠들지 못하고 자다가 잠에서 깨곤 한다,,YPSY4C01,1,전혀 그렇지 않다
,,,,,2,그렇지 않은 편이다
,,,,,3,그런 편이다
,,,,,4,매우 그렇다
,,머리가 자주 아프다,,YPSY4C02,1,전혀 그렇지 않다
,,,,,2,그렇지 않은 편이다
,,,,,3,그런 편이다
,,,,,4,매우 그렇다
,,속이 자주 메슥거린다,,YPSY4C03,1,전혀 그렇지 않다
,,,,,2,그렇지 않은 편이다
,,,,,3,그런 편이다
,,,,,4,매우 그렇다
,,공부를 하면 배가 아플 때가 있다,,YPSY4C04,1,전혀 그렇지 않다
,,,,,2,그렇지 않은 편이다
,,,,,3,그런 편이다
,,,,,4,매우 그렇다
,,입맛이 없을 때가 있다,,YPSY4C05,1,전혀 그렇지 않다
,,,,,2,그렇지 않은 편이다
,,,,,3,그런 편이다
,,,,,4,매우 그렇다
,,자주 피곤하다,,YPSY4C06,1,전혀 그렇지 않다
,,,,,2,그렇지 않은 편이다
,,,,,3,그런 편이다
,,,,,4,매우 그렇다
,,숨쉬기 어려울 때가 있다,,YPSY4C07,1,전혀 그렇지 않다
,,,,,2,그렇지 않은 편이다
,,,,,3,그런 편이다
,,,,,4,매우 그렇다
,,자주 열이 나는 것처럼 느껴진다,,YPSY4C08,1,전혀 그렇지 않다
,,,,,2,그렇지 않은 편이다
,,,,,3,그런 편이다
,,,,,4,매우 그렇다
,,주위에 사람들이 많으면 어색하다,,YPSY4D01,1,전혀 그렇지 않다
,,,,,2,그렇지 않은 편이다
,,,,,3,그런 편이다
,,,,,4,매우 그렇다
,,부끄럼을 많이 탄다,,YPSY4D02,1,전혀 그렇지 않다
,,,,,2,그렇지 않은 편이다
,,,,,3,그런 편이다
,,,,,4,매우 그렇다
,,다른 사람들에게 내 의견을 분명하게 말하기 어렵다,,YPSY4D03,1,전혀 그렇지 않다
,,,,,2,그렇지 않은 편이다
,,,,,3,그런 편이다
,,,,,4,매우 그렇다
,,수줍어한다,,YPSY4D04,1,전혀 그렇지 않다
,,,,,2,그렇지 않은 편이다
,,,,,3,그런 편이다
,,,,,4,매우 그렇다
,,사람들 앞에 나서기를 싫어한다,,YPSY4D05,1,전혀 그렇지 않다
,,,,,2,그렇지 않은 편이다
,,,,,3,그런 편이다
,,,,,4,매우 그렇다
,,기운이 별로 없다,,YPSY4E01,1,전혀 그렇지 않다
,,,,,2,그렇지 않은 편이다
,,,,,3,그런 편이다
,,,,,4,매우 그렇다
,,불행하다고 생각하거나 슬퍼하고 우울해한다,,YPSY4E02,1,전혀 그렇지 않다
,,,,,2,그렇지 않은 편이다
,,,,,3,그런 편이다
,,,,,4,매우 그렇다
,,걱정이 많다,,YPSY4E03,1,전혀 그렇지 않다
,,,,,2,그렇지 않은 편이다
,,,,,3,그런 편이다
,,,,,4,매우 그렇다
,,죽고 싶은 생각이 든다,,YPSY4E04,1,전혀 그렇지 않다
,,,,,2,그렇지 않은 편이다
,,,,,3,그런 편이다
,,,,,4,매우 그렇다
,,울기를 잘한다,,YPSY4E05,1,전혀 그렇지 않다
,,,,,2,그렇지 않은 편이다
,,,,,3,그런 편이다
,,,,,4,매우 그렇다
,,어떤 일이 잘못 되었을 때 나 때문이라는 생각을 자주 한다,,YPSY4E06,1,전혀 그렇지 않다
,,,,,2,그렇지 않은 편이다
,,,,,3,그런 편이다
,,,,,4,매우 그렇다
,,외롭다,,YPSY4E07,1,전혀 그렇지 않다
,,,,,2,그렇지 않은 편이다
,,,,,3,그런 편이다
,,,,,4,매우 그렇다
,,모든 일에 관심과 흥미가 없다,,YPSY4E08,1,전혀 그렇지 않다
,,,,,2,그렇지 않은 편이다
,,,,,3,그런 편이다
,,,,,4,매우 그렇다
,,장래가 희망적이지 않은 것 같다,,YPSY4E09,1,전혀 그렇지 않다
,,,,,2,그렇지 않은 편이다
,,,,,3,그런 편이다
,,,,,4,매우 그렇다
,,모든 일이 힘들다,,YPSY4E10,1,전혀 그렇지 않다
,,,,,2,그렇지 않은 편이다
,,,,,3,그런 편이다
,,,,,4,매우 그렇다
,다음 각 문항에 대하여 자신의 생각과 일치하는 항목에 응답해 주십시오.,"나는 그룹활동을 할 때, 친구의 장점이나 능력을 적극적으로 알려 준다",,YPSY5A01,1,전혀 그렇지 않다
,,,,,2,그렇지 않은 편이다
,,,,,3,그런 편이다
,,,,,4,매우 그렇다
,,"나는 그룹활동을 할 때, 친구가 어려워하면 기꺼이 돕는다",,YPSY5A02,1,전혀 그렇지 않다
,,,,,2,그렇지 않은 편이다
,,,,,3,그런 편이다
,,,,,4,매우 그렇다
,,"나는 그룹활동을 할 때, 친구들이 의견을 자유롭게 이야기하도록 분위기를 조성한다",,YPSY5A03,1,전혀 그렇지 않다
,,,,,2,그렇지 않은 편이다
,,,,,3,그런 편이다
,,,,,4,매우 그렇다
,,"나는 그룹활동을 할 때, 활용할 수 있는 새로운 방법을 제시한다",,YPSY5A04,1,전혀 그렇지 않다
,,,,,2,그렇지 않은 편이다
,,,,,3,그런 편이다
,,,,,4,매우 그렇다
,,나는 그룹에서 하고 있는 활동이 의미있는 일이라는 것을 친구에게 이야기 한다,,YPSY5A05,1,전혀 그렇지 않다
,,,,,2,그렇지 않은 편이다
,,,,,3,그런 편이다
,,,,,4,매우 그렇다
,,"나는 그룹활동을 할 때, 친구가 다양한 관점에서 생각할 수 있도록 도와준다",,YPSY5A06,1,전혀 그렇지 않다
,,,,,2,그렇지 않은 편이다
,,,,,3,그런 편이다
,,,,,4,매우 그렇다
,,"나는 그룹활동을 할 때, 나의 역할에 최선을 다한다",,YPSY5A07,1,전혀 그렇지 않다
,,,,,2,그렇지 않은 편이다
,,,,,3,그런 편이다
,,,,,4,매우 그렇다
,,나는 그룹의 리더가 아니더라도 맡은 일보다 많은 일을 하여 그룹활동에 도움이 되고자 한다,,YPSY5A08,1,전혀 그렇지 않다
,,,,,2,그렇지 않은 편이다
,,,,,3,그런 편이다
,,,,,4,매우 그렇다
,,나는 내가 속한 그룹에서 가치 있는 사람이 되기 위해 능력을 최대한 발휘한다,,YPSY5A09,1,전혀 그렇지 않다
,,,,,2,그렇지 않은 편이다
,,,,,3,그런 편이다
,,,,,4,매우 그렇다
,,나는 그룹에서 발생한 문제와 관련된 지식이나 정보를 친구들과 공유한다,,YPSY5A10,1,전혀 그렇지 않다
,,,,,2,그렇지 않은 편이다
,,,,,3,그런 편이다
,,,,,4,매우 그렇다
,,나는 그룹의 문제해결을 위한 구체적인 계획이나 내용을 친구들과 공유한다,,YPSY5A11,1,전혀 그렇지 않다
,,,,,2,그렇지 않은 편이다
,,,,,3,그런 편이다
,,,,,4,매우 그렇다
,,나는 그룹에서 발생한 문제를 친구들과 자주 이야기한다,,YPSY5A12,1,전혀 그렇지 않다
,,,,,2,그렇지 않은 편이다
,,,,,3,그런 편이다
,,,,,4,매우 그렇다
,,"나는 그룹활동을 할 때, 중요한 사항이나 문제점이 생기면 친구들과 함께 해결한다",,YPSY5A13,1,전혀 그렇지 않다
,,,,,2,그렇지 않은 편이다
,,,,,3,그런 편이다
,,,,,4,매우 그렇다
,,나는 그룹에서 발생한 문제에 대해 잘잘못을 따지기 보다는 해결하려고 노력한다,,YPSY5A14,1,전혀 그렇지 않다
,,,,,2,그렇지 않은 편이다
,,,,,3,그런 편이다
,,,,,4,매우 그렇다
,본인을 잘 표현하는 단어를 원하는 만큼 자유롭게 선택해 주십시오.,유능한,,YPSY6A01,0,선택 안 함
,,,,,1,선택
,,매력적인,,YPSY6A02,0,선택 안 함
,,,,,1,선택
,,영리한,,YPSY6A03,0,선택 안 함
,,,,,1,선택
,,속물의,,YPSY6A04,0,선택 안 함
,,,,,1,선택
,,확신에 찬,,YPSY6A05,0,선택 안 함
,,,,,1,선택
,,인습에 얽매이지 않는,,YPSY6A06,0,선택 안 함
,,,,,1,선택
,,자화자찬의,,YPSY6A07,0,선택 안 함
,,,,,1,선택
,,가식적인,,YPSY6A08,0,선택 안 함
,,,,,1,선택
,,유머감각이 있는,,YPSY6A09,0,선택 안 함
,,,,,1,선택
,,매사에 조심스러운,,YPSY6A10,0,선택 안 함
,,,,,1,선택
,,개인주의적인,,YPSY6A11,0,선택 안 함
,,,,,1,선택
,,평범한,,YPSY6A12,0,선택 안 함
,,,,,1,선택
,,격식을 차리지 않는,,YPSY6A13,0,선택 안 함
,,,,,1,선택
,,보수적인,,YPSY6A14,0,선택 안 함
,,,,,1,선택
,,통찰력이 있는,,YPSY6A15,0,선택 안 함
,,,,,1,선택
,,관습적인,,YPSY6A16,0,선택 안 함
,,,,,1,선택
,,지적인,,YPSY6A17,0,선택 안 함
,,,,,1,선택
,,불만에 찬,,YPSY6A18,0,선택 안 함
,,,,,1,선택
,,관심이 다양한,,YPSY6A19,0,선택 안 함
,,,,,1,선택
,,정직한,,YPSY6A20,0,선택 안 함
,,,,,1,선택
,,발명의 재능이 있는,,YPSY6A21,0,선택 안 함
,,,,,1,선택
,,관심의 폭이 좁은,,YPSY6A22,0,선택 안 함
,,,,,1,선택
,,독창적인,,YPSY6A23,0,선택 안 함
,,,,,1,선택
,,예의바른,,YPSY6A24,0,선택 안 함
,,,,,1,선택
,,심사숙고하는,,YPSY6A25,0,선택 안 함
,,,,,1,선택
,,진실한,,YPSY6A26,0,선택 안 함
,,,,,1,선택
,,"기지가 있는(재치있는, 임기응변의)",,YPSY6A27,0,선택 안 함
,,,,,1,선택
,,순종하는,,YPSY6A28,0,선택 안 함
,,,,,1,선택
,,자신감이 넘치는,,YPSY6A29,0,선택 안 함
,,,,,1,선택
,,의심이 많은,,YPSY6A30,0,선택 안 함
,,,,,1,선택
,창의적 성격 점수,,,YPSY6Asc,-,-12 ~ 18 사이의 값
,다음 각 문항에 대해 평소 본인의 생각과 가장 가깝다고 생각되는 곳에 응답해 주십시오.,나는 무엇을 하다가 다른 생각이 나면 집중하기가 어렵다,,YPSY7A01,1,전혀 그렇지 않다
,,,,,2,그렇지 않은 편이다
,,,,,3,그런 편이다
,,,,,4,매우 그렇다
,,"나는 문제를 해결하다가 어려움이 생겼을 때 크게 좌절하지 않으며, 다른 사람들보다 빨리 좌절에서 벗어난다",,YPSY7A02,1,전혀 그렇지 않다
,,,,,2,그렇지 않은 편이다
,,,,,3,그런 편이다
,,,,,4,매우 그렇다
,,나는 어떤 문제에 잠깐 집중하다가 곧 흥미를 잃은 적이 있다,,YPSY7A03,1,전혀 그렇지 않다
,,,,,2,그렇지 않은 편이다
,,,,,3,그런 편이다
,,,,,4,매우 그렇다
,,나는 노력가이다,,YPSY7A04,1,전혀 그렇지 않다
,,,,,2,그렇지 않은 편이다
,,,,,3,그런 편이다
,,,,,4,매우 그렇다
,,나는 자주 목표를 세우지만 그것을 이루기 전에 다른 목표를 세우고는 한다,,YPSY7A05,1,전혀 그렇지 않다
,,,,,2,그렇지 않은 편이다
,,,,,3,그런 편이다
,,,,,4,매우 그렇다
,,나는 무엇을 완성하는데 시간이 오래 걸리면 계속 열심히 하는 것이 어렵다,,YPSY7A06,1,전혀 그렇지 않다
,,,,,2,그렇지 않은 편이다
,,,,,3,그런 편이다
,,,,,4,매우 그렇다
,,나는 시작하면 무조건 끝낸다,,YPSY7A07,1,전혀 그렇지 않다
,,,,,2,그렇지 않은 편이다
,,,,,3,그런 편이다
,,,,,4,매우 그렇다
,,나는 부지런하다,,YPSY7A08,1,전혀 그렇지 않다
,,,,,2,그렇지 않은 편이다
,,,,,3,그런 편이다
,,,,,4,매우 그렇다
,부모님(부모님이 안 계신 경우에는 보호자)과 하루에 얼마나 시간을 함께 보내십니까? 평일과 주말로 구분하여 기입해 주십시오.,평일(하루 평균),,YFAM1A01,-,시간
,,,,YFAM1A02,-,분
,,주말(하루 평균),,YFAM1A03,-,시간
,,,,YFAM1A04,-,분
,형제자매는 총 몇 명입니까? 본인을 포함하여 총 몇 명인지 말씀해 주십시오.,,,YFAM3A00,-,명
,형제자매 순서에서 본인일 경우 본인을 선택해 주십시오.,,,YFAM3B00,-,번째(전체 형제자매 중 본인의 출생 순서)
,귀하는 형제자매와 하루에 얼마나 시간을 함께 보내십니까? 평일과 주말로 구분하여 기입해 주십시오.,첫째 형제자매,평일(하루 평균),YFAM1B01,-,시간
,,,,YFAM1B02,-,분
,,,주말(하루 평균),YFAM1B03,-,시간
,,,,YFAM1B04,-,분
,,둘째 형제자매,평일(하루 평균),YFAM1C01,-,시간
,,,,YFAM1C02,-,분
,,,주말(하루 평균),YFAM1C03,-,시간
,,,,YFAM1C04,-,분
,,셋째 형제자매,평일(하루 평균),YFAM1D01,-,시간
,,,,YFAM1D02,-,분
,,,주말(하루 평균),YFAM1D03,-,시간
,,,,YFAM1D04,-,분
,,넷째 형제자매,평일(하루 평균),YFAM1E01,-,시간
,,,,YFAM1E02,-,분
,,,주말(하루 평균),YFAM1E03,-,시간
,,,,YFAM1E04,-,분
,,다섯째 형제자매,평일(하루 평균),YFAM1F01,-,시간
,,,,YFAM1F02,-,분
,,,주말(하루 평균),YFAM1F03,-,시간
,,,,YFAM1F04,-,분
,,여섯째 형제자매,평일(하루 평균),YFAM1G01,-,시간
,,,,YFAM1G02,-,분
,,,주말(하루 평균),YFAM1G03,-,시간
,,,,YFAM1G04,-,분
,,일곱째 형제자매,평일(하루 평균),YFAM1H01,-,시간
,,,,YFAM1H02,-,분
,,,주말(하루 평균),YFAM1H03,-,시간
,,,,YFAM1H04,-,분
,부모님(부모님이 안 계신 경우에는 보호자)을 어떻게 생각하는지에 대한 질문입니다.다음 각 문항에 대하여 자신에게 해당되는 항목에 응답해 주십시오.,부모님이 나를 사랑한다는 것을 표현하신다,,YFAM2A01,1,전혀 그렇지 않다
,,,,,2,그렇지 않은 편이다
,,,,,3,그런 편이다
,,,,,4,매우 그렇다
,,부모님은 나와 함께 있는 것을 좋아하신다,,YFAM2A02,1,전혀 그렇지 않다
,,,,,2,그렇지 않은 편이다
,,,,,3,그런 편이다
,,,,,4,매우 그렇다
,,부모님은 항상 나를 반가워하신다,,YFAM2A03,1,전혀 그렇지 않다
,,,,,2,그렇지 않은 편이다
,,,,,3,그런 편이다
,,,,,4,매우 그렇다
,,부모님은 나를 특별하게 여기신다,,YFAM2A04,1,전혀 그렇지 않다
,,,,,2,그렇지 않은 편이다
,,,,,3,그런 편이다
,,,,,4,매우 그렇다
,,부모님이 나를 좋아하시는지 가끔 궁금할 때가 있다,,YFAM2B01,1,전혀 그렇지 않다
,,,,,2,그렇지 않은 편이다
,,,,,3,그런 편이다
,,,,,4,매우 그렇다
,,부모님은 내가 방해가 된다고 생각하신다,,YFAM2B02,1,전혀 그렇지 않다
,,,,,2,그렇지 않은 편이다
,,,,,3,그런 편이다
,,,,,4,매우 그렇다
,,부모님은 나로 하여금 불필요한 존재라고 느끼게 하신다,,YFAM2B03,1,전혀 그렇지 않다
,,,,,2,그렇지 않은 편이다
,,,,,3,그런 편이다
,,,,,4,매우 그렇다
,,부모님은 내가 하는 어떤 것도 만족스러워하지 않으신다,,YFAM2B04,1,전혀 그렇지 않다
,,,,,2,그렇지 않은 편이다
,,,,,3,그런 편이다
,,,,,4,매우 그렇다
,,부모님은 나를 믿어주신다,,YFAM2C01,1,전혀 그렇지 않다
,,,,,2,그렇지 않은 편이다
,,,,,3,그런 편이다
,,,,,4,매우 그렇다
,,부모님은 나를 있는 그대로 받아주신다,,YFAM2C02,1,전혀 그렇지 않다
,,,,,2,그렇지 않은 편이다
,,,,,3,그런 편이다
,,,,,4,매우 그렇다
,,부모님은 내가 중요하게 생각하는 일을 하게 해주신다,,YFAM2C03,1,전혀 그렇지 않다
,,,,,2,그렇지 않은 편이다
,,,,,3,그런 편이다
,,,,,4,매우 그렇다
,,부모님은 나의 생각을 이해하려고 노력하신다,,YFAM2C04,1,전혀 그렇지 않다
,,,,,2,그렇지 않은 편이다
,,,,,3,그런 편이다
,,,,,4,매우 그렇다
,,부모님은 나에게 늘 무엇을 하라고 하신다,,YFAM2D01,1,전혀 그렇지 않다
,,,,,2,그렇지 않은 편이다
,,,,,3,그런 편이다
,,,,,4,매우 그렇다
,,부모님은 나에게 이래라저래라 하신다,,YFAM2D02,1,전혀 그렇지 않다
,,,,,2,그렇지 않은 편이다
,,,,,3,그런 편이다
,,,,,4,매우 그렇다
,,부모님은 어떤 일을 할 때 오로지 그분들의 방식만이 유일하게 올바른 길이라고 생각하신다,,YFAM2D03,1,전혀 그렇지 않다
,,,,,2,그렇지 않은 편이다
,,,,,3,그런 편이다
,,,,,4,매우 그렇다
,,"부모님은 모든 것에 대해 “안 돼."" 라고 하신다",,YFAM2D04,1,전혀 그렇지 않다
,,,,,2,그렇지 않은 편이다
,,,,,3,그런 편이다
,,,,,4,매우 그렇다
,,"내가 무언가 하려고 할 때, 부모님이 어떻게 하라고 가르쳐 주신다",,YFAM2E01,1,전혀 그렇지 않다
,,,,,2,그렇지 않은 편이다
,,,,,3,그런 편이다
,,,,,4,매우 그렇다
,,"어떤 일이나 사물이 돌아가는 이치를 알고 싶어할 때, 부모님께서 설명해주신다",,YFAM2E02,1,전혀 그렇지 않다
,,,,,2,그렇지 않은 편이다
,,,,,3,그런 편이다
,,,,,4,매우 그렇다
,,내게 문제가 있을 때 부모님이 어떻게 해결해야할지 도움을 주신다,,YFAM2E03,1,전혀 그렇지 않다
,,,,,2,그렇지 않은 편이다
,,,,,3,그런 편이다
,,,,,4,매우 그렇다
,,"부모님은 내게 규칙을 말씀하실 때, 왜 지켜야 하는지 이유도 설명해주신다",,YFAM2E04,1,전혀 그렇지 않다
,,,,,2,그렇지 않은 편이다
,,,,,3,그런 편이다
,,,,,4,매우 그렇다
,,"부모님이 약속을 해도, 그 분들이 지키실지는 알 수 없다",,YFAM2F01,1,전혀 그렇지 않다
,,,,,2,그렇지 않은 편이다
,,,,,3,그런 편이다
,,,,,4,매우 그렇다
,,부모님은 무언가를 하겠다고 말씀하시고는 실제로는 하지 않으실 때도 가끔 있다,,YFAM2F02,1,전혀 그렇지 않다
,,,,,2,그렇지 않은 편이다
,,,,,3,그런 편이다
,,,,,4,매우 그렇다
,,부모님은 나에 대한 규칙을 자주 바꾸신다,,YFAM2F03,1,전혀 그렇지 않다
,,,,,2,그렇지 않은 편이다
,,,,,3,그런 편이다
,,,,,4,매우 그렇다
,,부모님은 사전에 주의도 주지 않고 화부터 내신다,,YFAM2F04,1,전혀 그렇지 않다
,,,,,2,그렇지 않은 편이다
,,,,,3,그런 편이다
,,,,,4,매우 그렇다
,다음 각 문항에 대하여 자신에게 해당되는 항목에 응답해 주십시오.,친구들과 함께 시간을 보낸다,,YEDU2A01,1,전혀 그렇지 않다
,,,,,2,그렇지 않은 편이다
,,,,,3,그런 편이다
,,,,,4,매우 그렇다
,,친구들은 속상하고 힘든 일을 나에게 털어놓는다,,YEDU2A02,1,전혀 그렇지 않다
,,,,,2,그렇지 않은 편이다
,,,,,3,그런 편이다
,,,,,4,매우 그렇다
,,친구들에게 내 이야기를 잘한다,,YEDU2A03,1,전혀 그렇지 않다
,,,,,2,그렇지 않은 편이다
,,,,,3,그런 편이다
,,,,,4,매우 그렇다
,,친구들에게 내 비밀을 이야기 할 수 있다,,YEDU2A04,1,전혀 그렇지 않다
,,,,,2,그렇지 않은 편이다
,,,,,3,그런 편이다
,,,,,4,매우 그렇다
,,내가 무슨 일을 할 때 친구들은 나를 도와준다,,YEDU2A05,1,전혀 그렇지 않다
,,,,,2,그렇지 않은 편이다
,,,,,3,그런 편이다
,,,,,4,매우 그렇다
,,친구들은 나를 좋아하고 잘 따른다,,YEDU2A06,1,전혀 그렇지 않다
,,,,,2,그렇지 않은 편이다
,,,,,3,그런 편이다
,,,,,4,매우 그렇다
,,친구들은 나에게 관심이 있다,,YEDU2A07,1,전혀 그렇지 않다
,,,,,2,그렇지 않은 편이다
,,,,,3,그런 편이다
,,,,,4,매우 그렇다
,,친구들과의 관계가 좋다,,YEDU2A08,1,전혀 그렇지 않다
,,,,,2,그렇지 않은 편이다
,,,,,3,그런 편이다
,,,,,4,매우 그렇다
,,친구들과 의견 충돌이 잦다,,YEDU2A09,1,전혀 그렇지 않다
,,,,,2,그렇지 않은 편이다
,,,,,3,그런 편이다
,,,,,4,매우 그렇다
,,친구와 싸우면 잘 화해하지 않는다 ,,YEDU2A10,1,전혀 그렇지 않다
,,,,,2,그렇지 않은 편이다
,,,,,3,그런 편이다
,,,,,4,매우 그렇다
,,친구가 내 뜻과 다르게 행동하면 화를 내거나 짜증을 낸다,,YEDU2A11,1,전혀 그렇지 않다
,,,,,2,그렇지 않은 편이다
,,,,,3,그런 편이다
,,,,,4,매우 그렇다
,,나와 다른 아이들과는 친해질 생각이 없다,,YEDU2A12,1,전혀 그렇지 않다
,,,,,2,그렇지 않은 편이다
,,,,,3,그런 편이다
,,,,,4,매우 그렇다
,,친구들은 나의 어렵고 힘든 점에 대해 관심이 없다,,YEDU2A13,1,전혀 그렇지 않다
,,,,,2,그렇지 않은 편이다
,,,,,3,그런 편이다
,,,,,4,매우 그렇다
,다음 각 문항에 대하여 자신에게 해당되는 항목에 응답해 주십시오.,내가 공부나 다른 문제로 힘들 때 선생님께 찾아가서 제일 먼저 의논하고 싶다,,YEDU3A01,1,전혀 그렇지 않다
,,,,,2,그렇지 않은 편이다
,,,,,3,그런 편이다
,,,,,4,매우 그렇다
,,선생님은 내가 수업시간에 다른 생각을 하는지 금방 아신다,,YEDU3A02,1,전혀 그렇지 않다
,,,,,2,그렇지 않은 편이다
,,,,,3,그런 편이다
,,,,,4,매우 그렇다
,,선생님은 수업내용을 내가 알아듣기 쉽게 잘 정리해서 설명해주신다,,YEDU3A03,1,전혀 그렇지 않다
,,,,,2,그렇지 않은 편이다
,,,,,3,그런 편이다
,,,,,4,매우 그렇다
,,선생님은 내가 앞으로 공부를 잘 할 수 있다고 믿으신다,,YEDU3A04,1,전혀 그렇지 않다
,,,,,2,그렇지 않은 편이다
,,,,,3,그런 편이다
,,,,,4,매우 그렇다
,,선생님은 내가 수업에 흥미가 있는지를 잘 아신다,,YEDU3A05,1,전혀 그렇지 않다
,,,,,2,그렇지 않은 편이다
,,,,,3,그런 편이다
,,,,,4,매우 그렇다
,,선생님은 질문에 대답할 때까지 참고 기다려주신다,,YEDU3A06,1,전혀 그렇지 않다
,,,,,2,그렇지 않은 편이다
,,,,,3,그런 편이다
,,,,,4,매우 그렇다
,,선생님은 내가 책임과 의무를 다하는 학생이라고 생각하신다,,YEDU3A07,1,전혀 그렇지 않다
,,,,,2,그렇지 않은 편이다
,,,,,3,그런 편이다
,,,,,4,매우 그렇다
,,선생님은 나의 의견을 존중하시고 자유롭게 말하도록 하신다,,YEDU3A08,1,전혀 그렇지 않다
,,,,,2,그렇지 않은 편이다
,,,,,3,그런 편이다
,,,,,4,매우 그렇다
,,선생님은 내가 모르는 것을 질문하면 이해할 때까지 몇 번이라도 다시 설명해주신다,,YEDU3A09,1,전혀 그렇지 않다
,,,,,2,그렇지 않은 편이다
,,,,,3,그런 편이다
,,,,,4,매우 그렇다
,,선생님은 내가 끈기와 인내심이 강하다고 생각하신다,,YEDU3A10,1,전혀 그렇지 않다
,,,,,2,그렇지 않은 편이다
,,,,,3,그런 편이다
,,,,,4,매우 그렇다
,,선생님은 내가 공부하면서 부족한 부분이 있으면 개별적으로 보충해주신다,,YEDU3A11,1,전혀 그렇지 않다
,,,,,2,그렇지 않은 편이다
,,,,,3,그런 편이다
,,,,,4,매우 그렇다
,,선생님은 내가 원할 때마다 항상 나를 위해 시간을 내 주신다,,YEDU3A12,1,전혀 그렇지 않다
,,,,,2,그렇지 않은 편이다
,,,,,3,그런 편이다
,,,,,4,매우 그렇다
,,선생님은 내가 수업내용을 잘 이해하고 있는지를 금방 눈치 채신다,,YEDU3A13,1,전혀 그렇지 않다
,,,,,2,그렇지 않은 편이다
,,,,,3,그런 편이다
,,,,,4,매우 그렇다
,,선생님은 내가 머리가 좋은 학생이라고 생각하신다,,YEDU3A14,1,전혀 그렇지 않다
,,,,,2,그렇지 않은 편이다
,,,,,3,그런 편이다
,,,,,4,매우 그렇다
,지난 1년 동안 다음과 같은 행동을 한 경험이 있습니까?다음 각 문항에 대하여 자신에게 해당되는 항목에 응답해 주십시오.,담배 피우기,,YDLQ1A01,1,전혀 없다
,,,,,2,1년에 1~2번
,,,,,3,한 달에 1번
,,,,,4,한 달에 2~3번
,,,,,5,1주일에 1번
,,,,,6,1주일에 여러 번
,,술 마시기(제사나 성찬식 등에서 한 모금 정도마시는 경우는 제외),,YDLQ1A02,1,전혀 없다
,,,,,2,1년에 1~2번
,,,,,3,한 달에 1번
,,,,,4,한 달에 2~3번
,,,,,5,1주일에 1번
,,,,,6,1주일에 여러 번
,,무단결석(보호자나 선생님께 알리지 않고 학교에 가지 않은 경우),,YDLQ1A03,1,전혀 없다
,,,,,2,1년에 1~2번
,,,,,3,한 달에 1번
,,,,,4,한 달에 2~3번
,,,,,5,1주일에 1번
,,,,,6,1주일에 여러 번
,,가출(하룻밤 이상 보호자의 허락을 받지 않고 귀가하지 않은 경우),,YDLQ1A04,1,전혀 없다
,,,,,2,1년에 1~2번
,,,,,3,한 달에 1번
,,,,,4,한 달에 2~3번
,,,,,5,1주일에 1번
,,,,,6,1주일에 여러 번
,,다른 사람 심하게 놀리거나 조롱하기,,YDLQ1A05,1,전혀 없다
,,,,,2,1년에 1~2번
,,,,,3,한 달에 1번
,,,,,4,한 달에 2~3번
,,,,,5,1주일에 1번
,,,,,6,1주일에 여러 번
,,다른 사람 집단따돌림(왕따)시키기,,YDLQ1A06,1,전혀 없다
,,,,,2,1년에 1~2번
,,,,,3,한 달에 1번
,,,,,4,한 달에 2~3번
,,,,,5,1주일에 1번
,,,,,6,1주일에 여러 번
,,패싸움,,YDLQ1A07,1,전혀 없다
,,,,,2,1년에 1~2번
,,,,,3,한 달에 1번
,,,,,4,한 달에 2~3번
,,,,,5,1주일에 1번
,,,,,6,1주일에 여러 번
,,다른 사람 심하게 때리기,,YDLQ1A08,1,전혀 없다
,,,,,2,1년에 1~2번
,,,,,3,한 달에 1번
,,,,,4,한 달에 2~3번
,,,,,5,1주일에 1번
,,,,,6,1주일에 여러 번
,,다른 사람 협박하기,,YDLQ1A09,1,전혀 없다
,,,,,2,1년에 1~2번
,,,,,3,한 달에 1번
,,,,,4,한 달에 2~3번
,,,,,5,1주일에 1번
,,,,,6,1주일에 여러 번
,,다른 사람 돈이나 물건 뺏기(삥뜯기),,YDLQ1A10,1,전혀 없다
,,,,,2,1년에 1~2번
,,,,,3,한 달에 1번
,,,,,4,한 달에 2~3번
,,,,,5,1주일에 1번
,,,,,6,1주일에 여러 번
,,다른 사람 돈이나 물건 훔치기,,YDLQ1A11,1,전혀 없다
,,,,,2,1년에 1~2번
,,,,,3,한 달에 1번
,,,,,4,한 달에 2~3번
,,,,,5,1주일에 1번
,,,,,6,1주일에 여러 번
,,성관계,,YDLQ1A12,1,전혀 없다
,,,,,2,1년에 1~2번
,,,,,3,한 달에 1번
,,,,,4,한 달에 2~3번
,,,,,5,1주일에 1번
,,,,,6,1주일에 여러 번
,,성폭행이나 성희롱,,YDLQ1A13,1,전혀 없다
,,,,,2,1년에 1~2번
,,,,,3,한 달에 1번
,,,,,4,한 달에 2~3번
,,,,,5,1주일에 1번
,,,,,6,1주일에 여러 번
,,돈을 걸고 도박하기,,YDLQ1A14,1,전혀 없다
,,,,,2,1년에 1~2번
,,,,,3,한 달에 1번
,,,,,4,한 달에 2~3번
,,,,,5,1주일에 1번
,,,,,6,1주일에 여러 번
,,심한 욕설과 폭언,,YDLQ1A15,1,전혀 없다
,,,,,2,1년에 1~2번
,,,,,3,한 달에 1번
,,,,,4,한 달에 2~3번
,,,,,5,1주일에 1번
,,,,,6,1주일에 여러 번
,지난 1년 동안 스마트폰이나 컴퓨터(인터넷) 상에서 다음과 같은 행동을 한 적이 있습니까?다음 각 문항에 대하여 자신에게 해당되는 항목에 응답해 주십시오.,누군가에게 욕이나 험한 말을 직접 보낸 적이 있다,,YDLQ2A01,1,전혀 없다
,,,,,2,1년에 1~2번
,,,,,3,한 달에 1번
,,,,,4,한 달에 2~3번
,,,,,5,1주일에 1번
,,,,,6,1주일에 여러 번
,,누군가에 대한 욕이나 나쁜 소문을 다른 사람들에게 퍼뜨린 적이 있다,,YDLQ2A02,1,전혀 없다
,,,,,2,1년에 1~2번
,,,,,3,한 달에 1번
,,,,,4,한 달에 2~3번
,,,,,5,1주일에 1번
,,,,,6,1주일에 여러 번
,,"상대방이 싫다는데 계속해서 말, 글, 그림 등을 보내 스토킹 한 적이 있다",,YDLQ2A03,1,전혀 없다
,,,,,2,1년에 1~2번
,,,,,3,한 달에 1번
,,,,,4,한 달에 2~3번
,,,,,5,1주일에 1번
,,,,,6,1주일에 여러 번
,,"당사자가 원치 않는 사진, 엽사, 이미지, 동영상을 보내거나 몰래 다른 사람들에게 전달한 적이 있다",,YDLQ2A04,1,전혀 없다
,,,,,2,1년에 1~2번
,,,,,3,한 달에 1번
,,,,,4,한 달에 2~3번
,,,,,5,1주일에 1번
,,,,,6,1주일에 여러 번
,,다른 사람 아이디를 도용해 가짜 계정을 만들거나 사이버상에서 그 사람인 것처럼 행동한 적이 있다,,YDLQ2A05,1,전혀 없다
,,,,,2,1년에 1~2번
,,,,,3,한 달에 1번
,,,,,4,한 달에 2~3번
,,,,,5,1주일에 1번
,,,,,6,1주일에 여러 번
,,"누군가의 개인정보(이름, 나이, 학교, 전화번호 등)를 인터넷에 올리는 신상털기를 한 적이 있다",,YDLQ2A06,1,전혀 없다
,,,,,2,1년에 1~2번
,,,,,3,한 달에 1번
,,,,,4,한 달에 2~3번
,,,,,5,1주일에 1번
,,,,,6,1주일에 여러 번
,,"게임머니, 게임아이템, 사이버머니, 돈을 뺏은 적이 있다",,YDLQ2A07,1,전혀 없다
,,,,,2,1년에 1~2번
,,,,,3,한 달에 1번
,,,,,4,한 달에 2~3번
,,,,,5,1주일에 1번
,,,,,6,1주일에 여러 번
,,와이파이 셔틀이나 핫스팟 셔틀(데이터를 무료로 제공하게 시키는 것)을 시킨 적이 있다,,YDLQ2A08,1,전혀 없다
,,,,,2,1년에 1~2번
,,,,,3,한 달에 1번
,,,,,4,한 달에 2~3번
,,,,,5,1주일에 1번
,,,,,6,1주일에 여러 번
,,"상대방이 원하지 않는 성적인 글이나 말, 야한 사진, 동영상 등을 보낸 적이 있다",,YDLQ2A09,1,전혀 없다
,,,,,2,1년에 1~2번
,,,,,3,한 달에 1번
,,,,,4,한 달에 2~3번
,,,,,5,1주일에 1번
,,,,,6,1주일에 여러 번
,,인터넷 대화방에서 누군가를 퇴장하지 못하도록 하거나 싫다는데 반복적으로 초대한 적이 있다,,YDLQ2A10,1,전혀 없다
,,,,,2,1년에 1~2번
,,,,,3,한 달에 1번
,,,,,4,한 달에 2~3번
,,,,,5,1주일에 1번
,,,,,6,1주일에 여러 번
,,일부러 시비를 걸어 상대방이 먼저 욕하게 하거나 성격에 문제있어 보이게 유도한 적이 있다,,YDLQ2A11,1,전혀 없다
,,,,,2,1년에 1~2번
,,,,,3,한 달에 1번
,,,,,4,한 달에 2~3번
,,,,,5,1주일에 1번
,,,,,6,1주일에 여러 번
,,스마트폰 등을 이용해 상대방이 원하지 않는 행동을 시키거나 (담배)심부름을 시킨 적이 있다,,YDLQ2A12,1,전혀 없다
,,,,,2,1년에 1~2번
,,,,,3,한 달에 1번
,,,,,4,한 달에 2~3번
,,,,,5,1주일에 1번
,,,,,6,1주일에 여러 번
,,누군가를 괴롭힐 목적으로 저격글을 올려 여러 사람이 볼 수 있게 한 적이 있다,,YDLQ2A13,1,전혀 없다
,,,,,2,1년에 1~2번
,,,,,3,한 달에 1번
,,,,,4,한 달에 2~3번
,,,,,5,1주일에 1번
,,,,,6,1주일에 여러 번
,,사이버 상에서 누군가를 집중공격을 한 적이 있다,,YDLQ2A14,1,전혀 없다
,,,,,2,1년에 1~2번
,,,,,3,한 달에 1번
,,,,,4,한 달에 2~3번
,,,,,5,1주일에 1번
,,,,,6,1주일에 여러 번
,,대화방에 일부러 상대방을 초대하지 않거나 댓글이나 말을 무시한 적이 있다,,YDLQ2A15,1,전혀 없다
,,,,,2,1년에 1~2번
,,,,,3,한 달에 1번
,,,,,4,한 달에 2~3번
,,,,,5,1주일에 1번
,,,,,6,1주일에 여러 번
,또래 친구들과 비교해 볼 때 건강 상태가 어떻다고 생각합니까? ,,,YPHY1A00,1,전혀 건강하지 않다
,,,,,2,건강하지 못한 편이다
,,,,,3,건강한 편이다
,,,,,4,매우 건강하다
,지난 일주일 간 땀이 날 정도로 운동한 시간은 몇 시간 정도입니까?,,,YPHY1B00,1,없다
,,,,,2,1시간
,,,,,3,2시간
,,,,,4,3시간
,,,,,5,4시간 이상
,지난 일주일 간 아침식사를 한 날은 며칠입니까?,,,YPHY1C00,-,일
,키와 몸무게는 어떻게 됩니까?,키,,YPHY2A00,-,cm
,,몸무게,,YPHY2B00,-,kg
,몽정/초경이 시작된 시기는 언제입니까? 해당되는 시기에 응답해 주십시오.,몽정/생리 시작 시기,,YPHY2C00,1,아직 시작되지 않았다
,,,,,2,초등학교 1-3학년
,,,,,3,초등학교 4학년
,,,,,4,초등학교 5학년
,,,,,5,초등학교 6학년
,,,,,6,중학교 1학년
,,,,,7,중학교 2학년
,,,,,8,중학교 3학년
,,,,,9,고등학교 1학년 
,,,,,10,고등학교 2학년 이후
,우리 사회와 본인이 다음의 재난으로부터 얼마나 안전하다고 느끼십니까?,우리사회,폭염⋅한파,YDIS1A01,1,매우 안전하지 않다
,,,,,2,안전하지 않다
,,,,,3,안전하다
,,,,,4,매우 안전하다
,,,"풍수해
(태풍, 홍수, 호우, 해일 등)",YDIS1A02,1,매우 안전하지 않다
,,,,,2,안전하지 않다
,,,,,3,안전하다
,,,,,4,매우 안전하다
,,,지진,YDIS1A03,1,매우 안전하지 않다
,,,,,2,안전하지 않다
,,,,,3,안전하다
,,,,,4,매우 안전하다
,,,황사,YDIS1A04,1,매우 안전하지 않다
,,,,,2,안전하지 않다
,,,,,3,안전하다
,,,,,4,매우 안전하다
,,,산불,YDIS1A05,1,매우 안전하지 않다
,,,,,2,안전하지 않다
,,,,,3,안전하다
,,,,,4,매우 안전하다
,,,화산폭발,YDIS1A06,1,매우 안전하지 않다
,,,,,2,안전하지 않다
,,,,,3,안전하다
,,,,,4,매우 안전하다
,,,감염병 유행,YDIS1A07,1,매우 안전하지 않다
,,,,,2,안전하지 않다
,,,,,3,안전하다
,,,,,4,매우 안전하다
,,,"건축물 붕괴
(건물, 도로, 기반시설 등)",YDIS1A08,1,매우 안전하지 않다
,,,,,2,안전하지 않다
,,,,,3,안전하다
,,,,,4,매우 안전하다
,,,화재 및 폭발사고,YDIS1A09,1,매우 안전하지 않다
,,,,,2,안전하지 않다
,,,,,3,안전하다
,,,,,4,매우 안전하다
,,,"교통사고
(항공사고, 해상사고 포함)",YDIS1A10,1,매우 안전하지 않다
,,,,,2,안전하지 않다
,,,,,3,안전하다
,,,,,4,매우 안전하다
,,,"환경오염사고
(유해물질 유출 등)",YDIS1A11,1,매우 안전하지 않다
,,,,,2,안전하지 않다
,,,,,3,안전하다
,,,,,4,매우 안전하다
,,,미세먼지,YDIS1A12,1,매우 안전하지 않다
,,,,,2,안전하지 않다
,,,,,3,안전하다
,,,,,4,매우 안전하다
,,본인,폭염⋅한파,YDIS1B01,1,매우 안전하지 않다
,,,,,2,안전하지 않다
,,,,,3,안전하다
,,,,,4,매우 안전하다
,,,"풍수해
(태풍, 홍수, 호우, 해일 등)",YDIS1B02,1,매우 안전하지 않다
,,,,,2,안전하지 않다
,,,,,3,안전하다
,,,,,4,매우 안전하다
,,,지진,YDIS1B03,1,매우 안전하지 않다
,,,,,2,안전하지 않다
,,,,,3,안전하다
,,,,,4,매우 안전하다
,,,황사,YDIS1B04,1,매우 안전하지 않다
,,,,,2,안전하지 않다
,,,,,3,안전하다
,,,,,4,매우 안전하다
,,,산불,YDIS1B05,1,매우 안전하지 않다
,,,,,2,안전하지 않다
,,,,,3,안전하다
,,,,,4,매우 안전하다
,,,화산폭발,YDIS1B06,1,매우 안전하지 않다
,,,,,2,안전하지 않다
,,,,,3,안전하다
,,,,,4,매우 안전하다
,,,감염병 유행,YDIS1B07,1,매우 안전하지 않다
,,,,,2,안전하지 않다
,,,,,3,안전하다
,,,,,4,매우 안전하다
,,,"건축물 붕괴
(건물, 도로, 기반시설 등)",YDIS1B08,1,매우 안전하지 않다
,,,,,2,안전하지 않다
,,,,,3,안전하다
,,,,,4,매우 안전하다
,,,화재 및 폭발사고,YDIS1B09,1,매우 안전하지 않다
,,,,,2,안전하지 않다
,,,,,3,안전하다
,,,,,4,매우 안전하다
,,,"교통사고
(항공사고, 해상사고 포함)",YDIS1B10,1,매우 안전하지 않다
,,,,,2,안전하지 않다
,,,,,3,안전하다
,,,,,4,매우 안전하다
,,,"환경오염사고
(유해물질 유출 등)",YDIS1B11,1,매우 안전하지 않다
,,,,,2,안전하지 않다
,,,,,3,안전하다
,,,,,4,매우 안전하다
,,,미세먼지,YDIS1B12,1,매우 안전하지 않다
,,,,,2,안전하지 않다
,,,,,3,안전하다
,,,,,4,매우 안전하다
,우리 사회가 안전을 최우선적으로 중시한다고 생각하십니까?,,,YDIS2A00,1,전혀 그렇지 않다
,,,,,2,그렇지 않다
,,,,,3,그렇다
,,,,,4,매우 그렇다
,귀하는 일상생활을 할 때 안전을 최우선적으로 생각하십니까?,,,YDIS2B00,1,전혀 그렇지 않다
,,,,,2,그렇지 않다
,,,,,3,그렇다
,,,,,4,매우 그렇다
,다음의 재난발생 시의 행동요령을 얼마나 알고 계십니까?,자연재난,폭염⋅한파,YDIS3A01,1,전혀 모른다
,,,,,2,잘 모른다
,,,,,3,조금 알고 있다
,,,,,4,매우 잘 알고 있다
,,,"풍수해
(태풍, 홍수, 호우, 해일 등)",YDIS3A02,1,전혀 모른다
,,,,,2,잘 모른다
,,,,,3,조금 알고 있다
,,,,,4,매우 잘 알고 있다
,,,지진,YDIS3A03,1,전혀 모른다
,,,,,2,잘 모른다
,,,,,3,조금 알고 있다
,,,,,4,매우 잘 알고 있다
,,,황사,YDIS3A04,1,전혀 모른다
,,,,,2,잘 모른다
,,,,,3,조금 알고 있다
,,,,,4,매우 잘 알고 있다
,,,산불,YDIS3A05,1,전혀 모른다
,,,,,2,잘 모른다
,,,,,3,조금 알고 있다
,,,,,4,매우 잘 알고 있다
,,,화산폭발,YDIS3A06,1,전혀 모른다
,,,,,2,잘 모른다
,,,,,3,조금 알고 있다
,,,,,4,매우 잘 알고 있다
,,사회재난,감염병 유행,YDIS3A07,1,전혀 모른다
,,,,,2,잘 모른다
,,,,,3,조금 알고 있다
,,,,,4,매우 잘 알고 있다
,,,"건축물 붕괴
(건물, 도로, 기반시설 등)",YDIS3A08,1,전혀 모른다
,,,,,2,잘 모른다
,,,,,3,조금 알고 있다
,,,,,4,매우 잘 알고 있다
,,,화재 및 폭발사고,YDIS3A09,1,전혀 모른다
,,,,,2,잘 모른다
,,,,,3,조금 알고 있다
,,,,,4,매우 잘 알고 있다
,,,"교통사고
(항공사고, 해상사고 포함)",YDIS3A10,1,전혀 모른다
,,,,,2,잘 모른다
,,,,,3,조금 알고 있다
,,,,,4,매우 잘 알고 있다
,,,"환경오염사고
(유해물질 유출 등)",YDIS3A11,1,전혀 모른다
,,,,,2,잘 모른다
,,,,,3,조금 알고 있다
,,,,,4,매우 잘 알고 있다
,,,미세먼지,YDIS3A12,1,전혀 모른다
,,,,,2,잘 모른다
,,,,,3,조금 알고 있다
,,,,,4,매우 잘 알고 있다
,"각각의 눈을 보고, 그 사람의 감정이나 생각을 가장 잘 묘사한 단어라고 생각되는 한 단어만을 선택해 주십시오.",,,YRME1A01,1,증오하는
,,,,,2,놀란
,,,,,3,친절한
,,,,,4,짜증난
,,,,YRME1A02,1,불친절한
,,,,,2,짜증난
,,,,,3,놀란
,,,,,4,슬픈
,,,,YRME1A03,1,우호적인
,,,,,2,슬픈
,,,,,3,놀란
,,,,,4,걱정하는
,,,,YRME1A04,1,편안한
,,,,,2,속상한
,,,,,3,놀란
,,,,,4,신난
,,,,YRME1A05,1,가여워하는
,,,,,2,요구하는
,,,,,3,농담하는
,,,,,4,편안한
,,,,YRME1A06,1,증오하는
,,,,,2,불친절한
,,,,,3,걱정하는
,,,,,4,지루한
,,,,YRME1A07,1,가여워하는
,,,,,2,지루한
,,,,,3,흥미있는
,,,,,4,농담하는
,,,,YRME1A08,1,회상하는
,,,,,2,행복한
,,,,,3,우호적인
,,,,,4,화난
,,,,YRME1A09,1,짜증난
,,,,,2,증오하는
,,,,,3,놀란
,,,,,4,무언가 생각하는
,,,,YRME1A10,1,친절한
,,,,,2,수줍은
,,,,,3,의심스러운
,,,,,4,슬픈
,,,,YRME1A11,1,으스대는
,,,,,2,희망하는
,,,,,3,화난
,,,,,4,역겨워하는
,,,,YRME1A12,1,혼란스러운
,,,,,2,농담하는
,,,,,3,슬픈
,,,,,4,진지한
,,,,YRME1A13,1,무언가 생각하는
,,,,,2,속상한
,,,,,3,신난
,,,,,4,행복한
,,,,YRME1A14,1,행복한
,,,,,2,무언가 생각하는
,,,,,3,신난
,,,,,4,친절한
,,,,YRME1A15,1,의심스러운
,,,,,2,우호적인
,,,,,3,놀고 싶은
,,,,,4,편안한
,,,,YRME1A16,1,단호한
,,,,,2,농담하는
,,,,,3,놀란
,,,,,4,지루한
,,,,YRME1A17,1,화난
,,,,,2,우호적인
,,,,,3,불친절한
,,,,,4,주저하는
,,,,YRME1A18,1,수심에 잠긴
,,,,,2,화난
,,,,,3,으스대는
,,,,,4,우호적인
,,,,YRME1A19,1,화난
,,,,,2,몽상하는
,,,,,3,슬픈
,,,,,4,흥미있는
,,,,YRME1A20,1,친절한
,,,,,2,놀란
,,,,,3,기쁘지 않은
,,,,,4,신난
,,,,YRME1A21,1,흥미있는
,,,,,2,농담하는
,,,,,3,편안한
,,,,,4,행복한
,,,,YRME1A22,1,장난기 있는
,,,,,2,친절한
,,,,,3,놀란
,,,,,4,무언가 생각하는
,,,,YRME1A23,1,놀란
,,,,,2,확신에 찬
,,,,,3,농담하는
,,,,,4,행복한
,,,,YRME1A24,1,진지한
,,,,,2,부끄러운
,,,,,3,혼란스러운
,,,,,4,놀란
,,,,YRME1A25,1,수줍은
,,,,,2,죄책감을 느끼는
,,,,,3,몽상하는
,,,,,4,걱정하는
,,,,YRME1A26,1,농담하는
,,,,,2,편안한
,,,,,3,불안한
,,,,,4,미안한
,,,,YRME1A27,1,부끄러운
,,,,,2,신난
,,,,,3,의심스러운
,,,,,4,기쁜
,,,,YRME1A28,1,혐오하는
,,,,,2,증오하는
,,,,,3,행복한
,,,,,4,지루한
,RMET(Reading the Mind in the Eyes Test) 점수,,,YRME1Asc,-,0~28 사이의 값
,"([문12]에서 ②, ③에 응답한 사람만 응답)
장래 원하는 직업을 가질 수 있을 것이라고 생각하십니까?",,,YFUR4A00,1,전혀 그렇지 않다
,,,,,2,그렇지 않은 편이다
,,,,,3,보통이다
,,,,,4,그런 편이다
,,,,,5,매우 그렇다
,,,,,6,잘 모르겠음
,직업을 선택할 때 다음의 요인들이 얼마나 중요하다고 생각하십니까?,안정적으로 오랫동안 일할 수 있다,,YFUR4B01,1,전혀 중요하지 않다
,,,,,2,별로 중요하지 않다
,,,,,3,중요한 편이다
,,,,,4,매우 중요하다
,,수입(임금)이 많다,,YFUR4B02,1,전혀 중요하지 않다
,,,,,2,별로 중요하지 않다
,,,,,3,중요한 편이다
,,,,,4,매우 중요하다
,,사회적 명예(위신)가 높다,,YFUR4B03,1,전혀 중요하지 않다
,,,,,2,별로 중요하지 않다
,,,,,3,중요한 편이다
,,,,,4,매우 중요하다
,,국가/사회에 기여할 수 있다,,YFUR4B04,1,전혀 중요하지 않다
,,,,,2,별로 중요하지 않다
,,,,,3,중요한 편이다
,,,,,4,매우 중요하다
,,자신의 소질과 적성을 살릴 수 있다,,YFUR4B05,1,전혀 중요하지 않다
,,,,,2,별로 중요하지 않다
,,,,,3,중요한 편이다
,,,,,4,매우 중요하다
,,일하는 환경이 쾌적하다,,YFUR4B06,1,전혀 중요하지 않다
,,,,,2,별로 중요하지 않다
,,,,,3,중요한 편이다
,,,,,4,매우 중요하다
,,시간적으로 여유가 있다,,YFUR4B07,1,전혀 중요하지 않다
,,,,,2,별로 중요하지 않다
,,,,,3,중요한 편이다
,,,,,4,매우 중요하다
,,가족과 함께 지내는 시간이 보장된다,,YFUR4B08,1,전혀 중요하지 않다
,,,,,2,별로 중요하지 않다
,,,,,3,중요한 편이다
,,,,,4,매우 중요하다
,,여러 사람들과 어울려 일할 수 있다,,YFUR4B09,1,전혀 중요하지 않다
,,,,,2,별로 중요하지 않다
,,,,,3,중요한 편이다
,,,,,4,매우 중요하다
,,직장 동료와의 경쟁이 심하지 않다,,YFUR4B10,1,전혀 중요하지 않다
,,,,,2,별로 중요하지 않다
,,,,,3,중요한 편이다
,,,,,4,매우 중요하다
,,자율적으로 일할 수 있다,,YFUR4B11,1,전혀 중요하지 않다
,,,,,2,별로 중요하지 않다
,,,,,3,중요한 편이다
,,,,,4,매우 중요하다
,,다양한 경험을 할 수 있다,,YFUR4B12,1,전혀 중요하지 않다
,,,,,2,별로 중요하지 않다
,,,,,3,중요한 편이다
,,,,,4,매우 중요하다
,지난 1년 동안 다음과 같은 진로와 관련된 활동에 참여한 경험이 있습니까? 참여한 적이 있다면 참여 경험이 진로 설정에 얼마나 도움이 되었는지 응답해 주십시오.,‘진로와 직업’ 수업,,YFUR4C01,1,(참여한 적) 없다
,,,,,2,전혀 도움이 되지 않았다
,,,,,3,별로 도움이 되지 않았다
,,,,,4,보통이다
,,,,,5,대체로 도움이 되었다
,,,,,6,매우 도움이 되었다
,,창의적 체험활동 중 진로 활동,,YFUR4C02,1,(참여한 적) 없다
,,,,,2,전혀 도움이 되지 않았다
,,,,,3,별로 도움이 되지 않았다
,,,,,4,보통이다
,,,,,5,대체로 도움이 되었다
,,,,,6,매우 도움이 되었다
,,진로 심리 검사 및 적성 검사,,YFUR4C03,1,(참여한 적) 없다
,,,,,2,전혀 도움이 되지 않았다
,,,,,3,별로 도움이 되지 않았다
,,,,,4,보통이다
,,,,,5,대체로 도움이 되었다
,,,,,6,매우 도움이 되었다
,,진로 관련 상담,,YFUR4C04,1,(참여한 적) 없다
,,,,,2,전혀 도움이 되지 않았다
,,,,,3,별로 도움이 되지 않았다
,,,,,4,보통이다
,,,,,5,대체로 도움이 되었다
,,,,,6,매우 도움이 되었다
,,진로 관련 동아리 활동,,YFUR4C05,1,(참여한 적) 없다
,,,,,2,전혀 도움이 되지 않았다
,,,,,3,별로 도움이 되지 않았다
,,,,,4,보통이다
,,,,,5,대체로 도움이 되었다
,,,,,6,매우 도움이 되었다
,,진로 관련 특강 및 강연,,YFUR4C06,1,(참여한 적) 없다
,,,,,2,전혀 도움이 되지 않았다
,,,,,3,별로 도움이 되지 않았다
,,,,,4,보통이다
,,,,,5,대체로 도움이 되었다
,,,,,6,매우 도움이 되었다
,,교육과정 및 진학 관련 설명회,,YFUR4C07,1,(참여한 적) 없다
,,,,,2,전혀 도움이 되지 않았다
,,,,,3,별로 도움이 되지 않았다
,,,,,4,보통이다
,,,,,5,대체로 도움이 되었다
,,,,,6,매우 도움이 되었다
,,학업 설계 워크숍,,YFUR4C08,1,(참여한 적) 없다
,,,,,2,전혀 도움이 되지 않았다
,,,,,3,별로 도움이 되지 않았다
,,,,,4,보통이다
,,,,,5,대체로 도움이 되었다
,,,,,6,매우 도움이 되었다
,,현장 견학,,YFUR4C09,1,(참여한 적) 없다
,,,,,2,전혀 도움이 되지 않았다
,,,,,3,별로 도움이 되지 않았다
,,,,,4,보통이다
,,,,,5,대체로 도움이 되었다
,,,,,6,매우 도움이 되었다
,,현장 직업 체험,,YFUR4C10,1,(참여한 적) 없다
,,,,,2,전혀 도움이 되지 않았다
,,,,,3,별로 도움이 되지 않았다
,,,,,4,보통이다
,,,,,5,대체로 도움이 되었다
,,,,,6,매우 도움이 되었다
,,직업 실무 체험,,YFUR4C11,1,(참여한 적) 없다
,,,,,2,전혀 도움이 되지 않았다
,,,,,3,별로 도움이 되지 않았다
,,,,,4,보통이다
,,,,,5,대체로 도움이 되었다
,,,,,6,매우 도움이 되었다
,,진로 캠프,,YFUR4C12,1,(참여한 적) 없다
,,,,,2,전혀 도움이 되지 않았다
,,,,,3,별로 도움이 되지 않았다
,,,,,4,보통이다
,,,,,5,대체로 도움이 되었다
,,,,,6,매우 도움이 되었다
,,대학과 연계한 진로체험 활동,,YFUR4C13,1,(참여한 적) 없다
,,,,,2,전혀 도움이 되지 않았다
,,,,,3,별로 도움이 되지 않았다
,,,,,4,보통이다
,,,,,5,대체로 도움이 되었다
,,,,,6,매우 도움이 되었다
,,직업박람회,,YFUR4C14,1,(참여한 적) 없다
,,,,,2,전혀 도움이 되지 않았다
,,,,,3,별로 도움이 되지 않았다
,,,,,4,보통이다
,,,,,5,대체로 도움이 되었다
,,,,,6,매우 도움이 되었다
,,진로 관련 책/잡지,,YFUR4C15,1,(참여한 적) 없다
,,,,,2,전혀 도움이 되지 않았다
,,,,,3,별로 도움이 되지 않았다
,,,,,4,보통이다
,,,,,5,대체로 도움이 되었다
,,,,,6,매우 도움이 되었다
,,진로 관련 인터넷 자료,,YFUR4C16,1,(참여한 적) 없다
,,,,,2,전혀 도움이 되지 않았다
,,,,,3,별로 도움이 되지 않았다
,,,,,4,보통이다
,,,,,5,대체로 도움이 되었다
,,,,,6,매우 도움이 되었다
,지난 1년 간 아르바이트(시간제 근로파트타임)를 한 경험이 있습니까?,,,YFUR4D00,1,한 번 이상 있다
,,,,,2,전혀 없다
,"([문 13-2-S]에서 ‘1. 한 번 이상 있다’인 경우만 응답)
지난 1년간 체험한 아르바이트 경험들은 자신이 향후 갖게 될 미래의 직업생활에 얼마나 도움이 될 것 같습니까?",,,YFUR4E00,1,전혀 도움이 되지 않을 것이다
,,,,,2,별로 도움이 되지 않을 것이다
,,,,,3,보통이다
,,,,,4,약간 도움이 될 것이다
,,,,,5,아주 큰 도움이 될 것이다
,지난 1년 동안 귀하는 다음과 같은 행동을 친구나 선후배에게 가한 경험이 있습니까? 다음 문항에 대하여 자신에게 해당되는 항목에 응답해 주십시오.,"온라인(인터넷, 카카오톡, SNS 등)에서 따돌리거나 괴롭히기(예: 욕설/모욕, 협박, 성희롱, 사생활 공개 등)",,YSVL1A07,1,전혀 없다
,,,,,2,1년에 1~2번
,,,,,3,한달에1번
,,,,,4,한달에2~3번
,,,,,5,1주일에 1번
,,,,,6,1주일에 여러번
,귀하는 다음과 같은 행동을 친구나 선후배에게 가한 경험이 있다면 언제입니까? 다음 각 문항에 대하여 자신에게 해당되는 시기에 모두 응답해 주십시오 (중복 응답 가능),심하게 놀리거나 조롱하기,,YSVL1B01,1,전혀 없다
,,,,,2,초등학교 입학전
,,,,,3,초등학교 1-3학년 시기
,,,,,4,초등학교 4-6학년 시기
,,,,,5,중학교 시기
,,,,,6,고등학교 시기
,,집단따돌림(왕따)시키기,,YSVL1B02,1,전혀 없다
,,,,,2,초등학교 입학전
,,,,,3,초등학교 1-3학년 시기
,,,,,4,초등학교 4-6학년 시기
,,,,,5,중학교 시기
,,,,,6,고등학교 시기
,,심하게 때리기,,YSVL1B03,1,전혀 없다
,,,,,2,초등학교 입학전
,,,,,3,초등학교 1-3학년 시기
,,,,,4,초등학교 4-6학년 시기
,,,,,5,중학교 시기
,,,,,6,고등학교 시기
,,협박하기,,YSVL1B04,1,전혀 없다
,,,,,2,초등학교 입학전
,,,,,3,초등학교 1-3학년 시기
,,,,,4,초등학교 4-6학년 시기
,,,,,5,중학교 시기
,,,,,6,고등학교 시기
,,돈이나 물건 뺏기(삥뜯기),,YSVL1B05,1,전혀 없다
,,,,,2,초등학교 입학전
,,,,,3,초등학교 1-3학년 시기
,,,,,4,초등학교 4-6학년 시기
,,,,,5,중학교 시기
,,,,,6,고등학교 시기
,,심한 욕설과 폭언,,YSVL1B06,1,전혀 없다
,,,,,2,초등학교 입학전
,,,,,3,초등학교 1-3학년 시기
,,,,,4,초등학교 4-6학년 시기
,,,,,5,중학교 시기
,,,,,6,고등학교 시기
,,"온라인(인터넷, 카카오톡, SNS 등)에서 따돌리거나 괴롭히기(예: 욕설/모욕, 협박, 성희롱, 사생활 공개 등)",,YSVL1B07,1,전혀 없다
,,,,,2,초등학교 입학전
,,,,,3,초등학교 1-3학년 시기
,,,,,4,초등학교 4-6학년 시기
,,,,,5,중학교 시기
,,,,,6,고등학교 시기
,지난 1년 동안 귀하는 다음과 같은 행동을 친구나 선후배로부터 당한 경험이 있습니까? 다음 각 문항에 대하여 자신에게 해당되는 항목에 응답해 주십시오.,심하게 놀림이나 조롱당하기,,YSVL1C01,1,전혀 없다
,,,,,2,1년에 1~2번
,,,,,3,한달에1번
,,,,,4,한달에2~3번
,,,,,5,1주일에 1번
,,,,,6,1주일에 여러번
,,집단따돌림(왕따)당하기,,YSVL1C02,1,전혀 없다
,,,,,2,1년에 1~2번
,,,,,3,한달에1번
,,,,,4,한달에2~3번
,,,,,5,1주일에 1번
,,,,,6,1주일에 여러번
,,심하게 맞기,,YSVL1C03,1,전혀 없다
,,,,,2,1년에 1~2번
,,,,,3,한달에1번
,,,,,4,한달에2~3번
,,,,,5,1주일에 1번
,,,,,6,1주일에 여러번
,,협박 당하기,,YSVL1C04,1,전혀 없다
,,,,,2,1년에 1~2번
,,,,,3,한달에1번
,,,,,4,한달에2~3번
,,,,,5,1주일에 1번
,,,,,6,1주일에 여러번
,,돈이나 물건 빼앗기기(삥뜯기기),,YSVL1C05,1,전혀 없다
,,,,,2,1년에 1~2번
,,,,,3,한달에1번
,,,,,4,한달에2~3번
,,,,,5,1주일에 1번
,,,,,6,1주일에 여러번
,,심한 욕설과 폭언 당하기,,YSVL1C06,1,전혀 없다
,,,,,2,1년에 1~2번
,,,,,3,한달에1번
,,,,,4,한달에2~3번
,,,,,5,1주일에 1번
,,,,,6,1주일에 여러번
,,"사이버 공간(인터넷, 카카오톡, SNS 등)에서 따돌림이나 괴롭힘을 당함",,YSVL1C07,1,전혀 없다
,,,,,2,1년에 1~2번
,,,,,3,한달에1번
,,,,,4,한달에2~3번
,,,,,5,1주일에 1번
,,,,,6,1주일에 여러번
,"지난 1년 동안 피해 경험이 있는 경우, 아래의 사람이나 기관에 피해 사실을 알리거나 신고 및 도움 요청을 했습니까? (중복 응답 가능)",,,YSVL1D00_1,1,알리지 않음
,,,,YSVL1D00_2,2,부모님
,,,,YSVL1D00_3,3,선생님
,,,,YSVL1D00_4,4,친구나 선후배
,,,,YSVL1D00_5,5,"지원기관(상담기관, Wee 센터)"
,,,,YSVL1D00_6,6,학교폭력신고센터(117)
,,,,YSVL1D00_7,7,경찰(112)
,다음과 같은 행동을 친구나 선후배로부터 당한 경험이 있다면 언제입니까? 다음 각 문항에 대하여 자신에게 해당되는 시기에 모두 응답해 주십시오. (중복 응답 가능),심하게 놀림이나 조롱당하기,,YSVL1E01,1,전혀 없다
,,,,,2,초등학교 입학전
,,,,,3,초등학교 1-3학년 시기
,,,,,4,초등학교 4-6학년 시기
,,,,,5,중학교 시기
,,,,,6,고등학교 시기
,,집단따돌림(왕따)당하기,,YSVL1E02,1,전혀 없다
,,,,,2,초등학교 입학전
,,,,,3,초등학교 1-3학년 시기
,,,,,4,초등학교 4-6학년 시기
,,,,,5,중학교 시기
,,,,,6,고등학교 시기
,,심하게 맞기,,YSVL1E03,1,전혀 없다
,,,,,2,초등학교 입학전
,,,,,3,초등학교 1-3학년 시기
,,,,,4,초등학교 4-6학년 시기
,,,,,5,중학교 시기
,,,,,6,고등학교 시기
,,협박 당하기,,YSVL1E04,1,전혀 없다
,,,,,2,초등학교 입학전
,,,,,3,초등학교 1-3학년 시기
,,,,,4,초등학교 4-6학년 시기
,,,,,5,중학교 시기
,,,,,6,고등학교 시기
,,돈이나 물건 빼앗기기(삥뜯기기),,YSVL1E05,1,전혀 없다
,,,,,2,초등학교 입학전
,,,,,3,초등학교 1-3학년 시기
,,,,,4,초등학교 4-6학년 시기
,,,,,5,중학교 시기
,,,,,6,고등학교 시기
,,심한 욕설과 폭언 당하기,,YSVL1E06,1,전혀 없다
,,,,,2,초등학교 입학전
,,,,,3,초등학교 1-3학년 시기
,,,,,4,초등학교 4-6학년 시기
,,,,,5,중학교 시기
,,,,,6,고등학교 시기
,,"사이버 공간(인터넷, 카카오톡, SNS 등)에서 따돌림이나 괴롭힘을 당함",,YSVL1E07,1,전혀 없다
,,,,,2,초등학교 입학전
,,,,,3,초등학교 1-3학년 시기
,,,,,4,초등학교 4-6학년 시기
,,,,,5,중학교 시기
,,,,,6,고등학교 시기
,귀하의 부모님(부모님이 안계신 경우는 보호자)은 귀하에게 다음과 같은 행동을 한 적이 있습니까? 있다면 다음 각 문항에 대하여 자신에게 해당되는 시기에 모두 응답해 주십시오 (중복 응답 가능),욕설이나 무시하는 말 등 심한 말을 하였다,,YSVL2A01,1,전혀 없다
,,,,,2,초등학교 입학전
,,,,,3,초등학교 1-3학년 시기
,,,,,4,초등학교 4-6학년 시기
,,,,,5,중학교 시기
,,,,,6,고등학교 시기
,,회초리로 손바닥이나 종아리를 때렸다,,YSVL2A02,1,전혀 없다
,,,,,2,초등학교 입학전
,,,,,3,초등학교 1-3학년 시기
,,,,,4,초등학교 4-6학년 시기
,,,,,5,중학교 시기
,,,,,6,고등학교 시기
,,손으로 때리거나 발로 찼다,,YSVL2A03,1,전혀 없다
,,,,,2,초등학교 입학전
,,,,,3,초등학교 1-3학년 시기
,,,,,4,초등학교 4-6학년 시기
,,,,,5,중학교 시기
,,,,,6,고등학교 시기
,귀하는 부모님간에 다음과 같은 행동이 이루어지는 것을 본적이 있습니까?다음 각 문항에 대하여 자신에게 해당되는 시기에 모두 응답해 주십시오 (중복 응답 가능),욕설이나 무시하는 말 등 심한 말을 하였다,,YSVL2B01,1,전혀 없다
,,,,,2,초등학교 입학전
,,,,,3,초등학교 1-3학년 시기
,,,,,4,초등학교 4-6학년 시기
,,,,,5,중학교 시기
,,,,,6,고등학교 시기
,,,,,9,해당사항 없음
,,손으로 때리거나 발로 찼다,,YSVL2B02,1,전혀 없다
,,,,,2,초등학교 입학전
,,,,,3,초등학교 1-3학년 시기
,,,,,4,초등학교 4-6학년 시기
,,,,,5,중학교 시기
,,,,,6,고등학교 시기
,,,,,9,해당사항 없음
,그러한 행동이 있었다면 누가 주로 그런 행동을 했습니까?,욕설이나 무시하는 말 등 심한 말을 하였다,,YSVL2C01,1,주로 아버지가
,,,,,2,주로 어머니가
,,,,,3,아버지와 어머니가 비슷하게
,,손으로 때리거나 발로 찼다,,YSVL2C02,1,주로 아버지가
,,,,,2,주로 어머니가
,,,,,3,아버지와 어머니가 비슷하게
,귀하는 다음과 같은 행동을 얼마나 자주하는지 응답해 주십시오.,누군가를 괴롭히는 행동을 먼저 시작한다.,,YSVL3A01,1,전혀 하지 않는다
,,,,,2,거의 하지 않는다
,,,,,3,가끔 한다
,,,,,4,자주 한다
,,다른 아이들도 괴롭히는 행동에 참여하도록 끌어들인다.,,YSVL3A02,1,전혀 하지 않는다
,,,,,2,거의 하지 않는다
,,,,,3,가끔 한다
,,,,,4,자주 한다
,,다른 친구들을 괴롭힐 새로운 방법을 늘 찾는다. ,,YSVL3A03,1,전혀 하지 않는다
,,,,,2,거의 하지 않는다
,,,,,3,가끔 한다
,,,,,4,자주 한다
,,누군가 어떤 아이를 괴롭히기 시작하면 나도 같이 괴롭힌다.,,YSVL3A04,1,전혀 하지 않는다
,,,,,2,거의 하지 않는다
,,,,,3,가끔 한다
,,,,,4,자주 한다
,,누군가를 괴롭히는 아이를 거든다. ,,YSVL3A05,1,전혀 하지 않는다
,,,,,2,거의 하지 않는다
,,,,,3,가끔 한다
,,,,,4,자주 한다
,,괴롭힘 당하는 아이가 도망가지 못하게 붙잡아두는 것과 같은 방법으로 괴롭히는 아이를 도와준다.,,YSVL3A06,1,전혀 하지 않는다
,,,,,2,거의 하지 않는다
,,,,,3,가끔 한다
,,,,,4,자주 한다
,,괴롭히는 상황을 구경하기 위해 그 주변으로 간다. ,,YSVL3A07,1,전혀 하지 않는다
,,,,,2,거의 하지 않는다
,,,,,3,가끔 한다
,,,,,4,자주 한다
,,괴롭히는 상황을 보면서 웃는다.,,YSVL3A08,1,전혀 하지 않는다
,,,,,2,거의 하지 않는다
,,,,,3,가끔 한다
,,,,,4,자주 한다
,,"누군가 어떤 아이를 괴롭힐 때, “본 떼를 보여줘”라고 말하며옆에서 부추긴다. ",,YSVL3A09,1,전혀 하지 않는다
,,,,,2,거의 하지 않는다
,,,,,3,가끔 한다
,,,,,4,자주 한다
,,괴롭힘 당하는 아이를 위로해 주거나 선생님에게 괴롭힘 당한 것에 대해 말하라고 용기를 준다. ,,YSVL3A10,1,전혀 하지 않는다
,,,,,2,거의 하지 않는다
,,,,,3,가끔 한다
,,,,,4,자주 한다
,,괴롭히는 행동을 하는 아이들에게 그만하라고 말한다.,,YSVL3A11,1,전혀 하지 않는다
,,,,,2,거의 하지 않는다
,,,,,3,가끔 한다
,,,,,4,자주 한다
,,괴롭히는 행동을 중지하려고 노력한다.,,YSVL3A12,1,전혀 하지 않는다
,,,,,2,거의 하지 않는다
,,,,,3,가끔 한다
,,,,,4,자주 한다
,,"누군가 괴롭힘을 당하는 상황이 생겼을 때, 보통 그 자리에없는 편이다.",,YSVL3A13,1,전혀 하지 않는다
,,,,,2,거의 하지 않는다
,,,,,3,가끔 한다
,,,,,4,자주 한다
,,누군가 괴롭힘을 당하는 상황에 엮이지 않으려고 한다.,,YSVL3A14,1,전혀 하지 않는다
,,,,,2,거의 하지 않는다
,,,,,3,가끔 한다
,,,,,4,자주 한다
,,누군가 괴롭힘을 당하는 상황에서 누구의 편도 들지 않는다.,,YSVL3A15,1,전혀 하지 않는다
,,,,,2,거의 하지 않는다
,,,,,3,가끔 한다
,,,,,4,자주 한다
,귀하가 동네와 동네 사람들을 어떻게 생각하는지에 대한 질문입니다. 다음 각 문항에 대하여 자신에게 해당되는 항목에 응답해 주십시오.,나는 우리 동네 사람들 대부분을 알고 있다,,YCOM1A01,1,전혀 그렇지 않다
,,,,,2,그렇지 않은 편이다
,,,,,3,그런 편이다
,,,,,4,매우 그렇다
,,나는 거리에서 우리 동네 사람을 만나면 인사를 한다,,YCOM1A02,1,전혀 그렇지 않다
,,,,,2,그렇지 않은 편이다
,,,,,3,그런 편이다
,,,,,4,매우 그렇다
,,우리 동네에서는 이웃끼리 서로 경계한다,,YCOM1A03,1,전혀 그렇지 않다
,,,,,2,그렇지 않은 편이다
,,,,,3,그런 편이다
,,,,,4,매우 그렇다
,,나는 우리 동네가 안전하다고 느낀다,,YCOM1A04,1,전혀 그렇지 않다
,,,,,2,그렇지 않은 편이다
,,,,,3,그런 편이다
,,,,,4,매우 그렇다
,,나는 우리 동네 사람들과 지내는 것이 좋다,,YCOM1A05,1,전혀 그렇지 않다
,,,,,2,그렇지 않은 편이다
,,,,,3,그런 편이다
,,,,,4,매우 그렇다
,,나는 우리 동네에서 계속 살고 싶다,,YCOM1A06,1,전혀 그렇지 않다
,,,,,2,그렇지 않은 편이다
,,,,,3,그런 편이다
,,,,,4,매우 그렇다
,귀하는 다음에 예시한 것과 같은 행동들을 할 의사가 있습니까? 다음 각 문항에 대하여 자신에게 해당되는 항목에 응답해 주십시오.,주변에 어려움에 처해 있는 친구가 있다면 적극적으로 도울 수 있다,,YCOM2A01,1,전혀 그렇지 않다
,,,,,2,그렇지 않은 편이다
,,,,,3,그런 편이다
,,,,,4,매우 그렇다
,,공휴일에 쉬지 못하더라도 복지기관에서 자원봉사 활동을 할 수 있다,,YCOM2A02,1,전혀 그렇지 않다
,,,,,2,그렇지 않은 편이다
,,,,,3,그런 편이다
,,,,,4,매우 그렇다
,,우리나라보다 경제적으로 어려운 나라를 돕기 위해 기부금을 낼 수 있다,,YCOM2A03,1,전혀 그렇지 않다
,,,,,2,그렇지 않은 편이다
,,,,,3,그런 편이다
,,,,,4,매우 그렇다
,,"지구를 보호하기 위해 물자절약, 쓰레기 분리수거, 재활용 등에 적극적으로 참여 할 수 있다",,YCOM2A04,1,전혀 그렇지 않다
,,,,,2,그렇지 않은 편이다
,,,,,3,그런 편이다
,,,,,4,매우 그렇다
,귀하는 자신과 문화적 배경이 다른 사람들에 대해 어떻게 생각하고 있습니까? 다음 각 문항에 대하여 자신에게 해당되는 항목에 응답해 주십시오.,나와 문화적 배경이 다른 사람을 이웃으로 받아들일 수 있다,,YCOM3A01,1,전혀 그렇지 않다
,,,,,2,그렇지 않은 편이다
,,,,,3,그런 편이다
,,,,,4,매우 그렇다
,,나와 문화적 배경이 다른 청소년을 같은 반 친구로 받아들일 수 있다,,YCOM3A02,1,전혀 그렇지 않다
,,,,,2,그렇지 않은 편이다
,,,,,3,그런 편이다
,,,,,4,매우 그렇다
,,나와 문화적 배경이 다른 청소년과 가장 친한 단짝이 될 수 있다,,YCOM3A03,1,전혀 그렇지 않다
,,,,,2,그렇지 않은 편이다
,,,,,3,그런 편이다
,,,,,4,매우 그렇다
,,"이성 친구를 사귀게 된다면, 나와 문화적 배경이 다른 사람을 이성친구로 사귈 수 있다",,YCOM3A04,1,전혀 그렇지 않다
,,,,,2,그렇지 않은 편이다
,,,,,3,그런 편이다
,,,,,4,매우 그렇다
,,커서 나와 문화적 배경이 다른 사람과 결혼할 수 있다,,YCOM3A05,1,전혀 그렇지 않다
,,,,,2,그렇지 않은 편이다
,,,,,3,그런 편이다
,,,,,4,매우 그렇다
,귀하는 결혼에 대해 어떻게 생각하십니까?,,,YFFA1A01,1,하지 말아야 한다
,,,,,2,하지 않는 것이 좋다
,,,,,3,"해도 좋고, 하지 않아도 좋다"
,,,,,4,하는 것이 좋다
,,,,,5,반드시 해야 한다
,귀하는 아이를 낳는 것에 대해 어떻게 생각하십니까?,,,YFFA1A02,1,낳지 말아야 한다
,,,,,2,낳지 않는 것이 좋다
,,,,,3,"낳아도 좋고, 낳지 않아도 좋다"
,,,,,4,낳는 것이 좋다
,,,,,5,반드시 낳아야 한다
,이번에 하실 응답은 다른 두 시점에 얼마의 돈을 받을 수 있을 때 어느 쪽을 선택할지에 대한 것입니다.,"다음 주 목요일에 4,000원을 받는 것과 다음 주 목요일로부터 4주 뒤 목요일에 4,500원을 받는 것 중 어느 쪽을 선택하시겠습니까?",,YMCQ1A01,1,"다음 주 목요일(4,000원)"
,,,,,2,"다음 주 목요일로부터 4주 뒤 목요일(4,500원)"
,,"다음 주 목요일에 4,000원을 받는 것과 다음 주 목요일로부터 4주 뒤 목요일에 5,500원을 받는 것 중 어느 쪽을 선택하시겠습니까?",,YMCQ1A02,1,"다음 주 목요일(4,000원)"
,,,,,2,"다음 주 목요일로부터 4주 뒤 목요일(5,500원)"
,,"다음 주 목요일에 4,000원을 받는 것과 다음 주 목요일로부터 4주 뒤 목요일에 6,500원을 받는 것 중 어느 쪽을 선택하시겠습니까?",,YMCQ1A03,1,"다음 주 목요일(4,000원)"
,,,,,2,"다음 주 목요일로부터 4주 뒤 목요일(6,500원)"
,,"다음 주 목요일을 기준으로 4주 뒤 목요일에 4,000원을 받는 것과 다음 주 목요일로부터 8주 뒤 목요일에 4,500원을 받는 것 중 어느 쪽을 선택하시겠습니까? ",,YMCQ1A04,1,"다음 주 목요일로부터 4주 뒤 목요일(4,000원)"
,,,,,2,"다음 주 목요일로부터 8주 뒤 목요일(4,500원)"
,,"다음 주 목요일을 기준으로 4주 뒤 목요일에 4,000원을 받는 것과 다음 주 목요일로부터 8주 뒤 목요일에 5,500원을 받는 것 중 어느 쪽을 선택하시겠습니까?",,YMCQ1A05,1,"다음 주 목요일로부터 4주 뒤 목요일(4,000원)"
,,,,,2,"다음 주 목요일로부터 8주 뒤 목요일(5,500원)"
,,"다음 주 목요일을 기준으로 4주 뒤 목요일에 4,000원을 받는 것과 다음 주 목요일로부터 8주 뒤 목요일에 6,500원을 받는 것 중 어느 쪽을 선택하시겠습니까?",,YMCQ1A06,1,"다음 주 목요일로부터 4주 뒤 목요일(4,000원)"
,,,,,2,"다음 주 목요일로부터 8주 뒤 목요일(6,500원)"
,자신의 성향에 대한 질문입니다. 다음 각 문항에 대하여 자신에게 해당되는 항목에 응답해 주십시오.,"무언가를 망쳤을 때, 처음에는 기분이 나쁘지만 시간이 지나면 그것을 잊을 수 있다",,YRRS1A01,1,전혀 그렇지 않다
,,,,,2,그렇지 않은 편이다
,,,,,3,그런 편이다
,,,,,4,매우 그렇다
,,내가 저지른 잘못 때문에 나 자신을 원망한다 ,,YRRS1A02,1,전혀 그렇지 않다
,,,,,2,그렇지 않은 편이다
,,,,,3,그런 편이다
,,,,,4,매우 그렇다
,,내가 저지른 잘못에서 교훈을 얻음으로써 잘못을 극복할 수 있다,,YRRS1A03,1,전혀 그렇지 않다
,,,,,2,그렇지 않은 편이다
,,,,,3,그런 편이다
,,,,,4,매우 그렇다
,,일을 망치면 나 자신을 용납하기가 매우 어렵다 ,,YRRS1A04,1,전혀 그렇지 않다
,,,,,2,그렇지 않은 편이다
,,,,,3,그런 편이다
,,,,,4,매우 그렇다
,,"시간이 지나면, 실수를 했던 나 자신을 이해할 수 있다",,YRRS1A05,1,전혀 그렇지 않다
,,,,,2,그렇지 않은 편이다
,,,,,3,그런 편이다
,,,,,4,매우 그렇다
,,"내가 느끼고, 생각하고, 말하고, 행동했던 부정적인 일들로 인해 스스로를 계속 비판한다 ",,YRRS1A06,1,전혀 그렇지 않다
,,,,,2,그렇지 않은 편이다
,,,,,3,그런 편이다
,,,,,4,매우 그렇다
,,"누군가 잘못된 행동을 했다고 생각하면, 계속 그 사람을 벌주려 한다",,YRRS1A07,1,전혀 그렇지 않다
,,,,,2,그렇지 않은 편이다
,,,,,3,그런 편이다
,,,,,4,매우 그렇다
,,"시간이 지나면, 과거에 실수했던 사람을 이해할 수 있다",,YRRS1A08,1,전혀 그렇지 않다
,,,,,2,그렇지 않은 편이다
,,,,,3,그런 편이다
,,,,,4,매우 그렇다
,,나에게 상처를 주었던 사람을 계속 매정하게 대한다 ,,YRRS1A09,1,전혀 그렇지 않다
,,,,,2,그렇지 않은 편이다
,,,,,3,그런 편이다
,,,,,4,매우 그렇다
,,"과거에 나에게 상처를 주었던 사람이라도, 결국 그 사람을 좋은 사람이라고 여길 수 있다 ",,YRRS1A10,1,전혀 그렇지 않다
,,,,,2,그렇지 않은 편이다
,,,,,3,그런 편이다
,,,,,4,매우 그렇다
,,"만약 어떤 사람이 나를 함부로 대한다면, 그들을 계속 나쁘게 생각할 것이다 ",,YRRS1A11,1,전혀 그렇지 않다
,,,,,2,그렇지 않은 편이다
,,,,,3,그런 편이다
,,,,,4,매우 그렇다
,,누군가에게 실망을 했더라도 나중에는 그것을 대수롭지 않게 여길 수 있다 ,,YRRS1A12,1,전혀 그렇지 않다
,,,,,2,그렇지 않은 편이다
,,,,,3,그런 편이다
,,,,,4,매우 그렇다
,,"어쩔 수 없는 이유로 무언가가 잘못되었을 때, 그것에 대한 부정적인 생각에 사로잡힌다 ",,YRRS1A13,1,전혀 그렇지 않다
,,,,,2,그렇지 않은 편이다
,,,,,3,그런 편이다
,,,,,4,매우 그렇다
,,시간이 지나면 인생의 나쁜 상황을 받아들일 수 있다,,YRRS1A14,1,전혀 그렇지 않다
,,,,,2,그렇지 않은 편이다
,,,,,3,그런 편이다
,,,,,4,매우 그렇다
,,"어쩔 수 없는 상황으로 인해 실망하게 될 때, 계속 부정적으로 생각한다",,YRRS1A15,1,전혀 그렇지 않다
,,,,,2,그렇지 않은 편이다
,,,,,3,그런 편이다
,,,,,4,매우 그렇다
,,살아가면서 나쁜 상황이 생기더라도 결국 그것을 받아들일 수 있다,,YRRS1A16,1,전혀 그렇지 않다
,,,,,2,그렇지 않은 편이다
,,,,,3,그런 편이다
,,,,,4,매우 그렇다
,,"그 누구의 잘못도 아닌데 부정적인 상황이 발생했다면, 그것을 받아들이기 어려울 것이다 ",,YRRS1A17,1,전혀 그렇지 않다
,,,,,2,그렇지 않은 편이다
,,,,,3,그런 편이다
,,,,,4,매우 그렇다
,,통제할 수 없는 나쁜 상황에 대한 부정적인 생각들을 결국에는 흘려버릴 것이다 ,,YRRS1A18,1,전혀 그렇지 않다
,,,,,2,그렇지 않은 편이다
,,,,,3,그런 편이다
,,,,,4,매우 그렇다
