var,construct,sub,first_val,first_val_label
ID,-,,-,종단자료 연계를 위한 고유 ID
HID,-,,-,가구 ID
PID,-,,-,개인 ID
PONLINE,-,,0,TAPI 조사
PARENT,귀하는 ‘이 조사표를 가지고 온 학생’과 어떤 관계이십니까? 아래 해당 번호에 ○표 해 주십시오.,,1,어머니
PYBRT1A,학생은 몇 년 몇 월에 태어났습니까? 실제 태어난 생년과 월을 아래에 써 주십시오.,,-,학생 생년
PYBRT1B,학생은 몇 년 몇 월에 태어났습니까? 실제 태어난 생년과 월을 아래에 써 주십시오.,,-,학생 생월
PYGENDER,학생의 성별은 무엇입니까?,,1,남자
PHOMPOP,귀하를 포함하여 귀댁에서 함께 생활하는 가구원은 모두 몇 명입니까?,,-,명
PRELATE1~8,현재 귀댁에 실제로 함께 살고 있는 가구원 모두에 대하여 다음 내용을 응답해 주십시오.,1번~8번 / 관계,1,가구대표
PGENDER1~8,현재 귀댁에 실제로 함께 살고 있는 가구원 모두에 대하여 다음 내용을 응답해 주십시오.,1번~8번 / 성별,1,남자
PBRTA1~8,현재 귀댁에 실제로 함께 살고 있는 가구원 모두에 대하여 다음 내용을 응답해 주십시오.,1번~8번 / 생년,-,년
PBRTB1~8,현재 귀댁에 실제로 함께 살고 있는 가구원 모두에 대하여 다음 내용을 응답해 주십시오.,1번~8번 / 생월,-,월
PFRELATION1~9,"현재 귀댁에 실제로 함께 살고 있는 가구원 모두에 대하여 조사에 참여하는 청소년(자녀 또는 피양육자, 원패널)과의 관계를 기준으로 다음 내용을 응답해 주십시오.",1번~9번 / 관계,1,아버지
PFGENDER1~9,"현재 귀댁에 실제로 함께 살고 있는 가구원 모두에 대하여 조사에 참여하는 청소년(자녀 또는 피양육자, 원패널)과의 관계를 기준으로 다음 내용을 응답해 주십시오.",1번~9번 / 성별,1,남자
PFBRTA1~9,"현재 귀댁에 실제로 함께 살고 있는 가구원 모두에 대하여 조사에 참여하는 청소년(자녀 또는 피양육자, 원패널)과의 관계를 기준으로 다음 내용을 응답해 주십시오.",1번~9번 / 생년,-,년
PFBRTB1~9,"현재 귀댁에 실제로 함께 살고 있는 가구원 모두에 대하여 조사에 참여하는 청소년(자녀 또는 피양육자, 원패널)과의 관계를 기준으로 다음 내용을 응답해 주십시오.",1번~9번 / 생월,-,월
PYBRP1,조사에 참여하는 청소년(자녀 또는 피양육자)의 출생지는 어디입니까?,국내/해외 / 생월,1,국내
PYBRP2,조사에 참여하는 청소년(자녀 또는 피양육자)의 출생지는 어디입니까?,국내 시도 / 생월,1,서울
PYBRP3,조사에 참여하는 청소년(자녀 또는 피양육자)의 출생지는 어디입니까?,해외 국가명 / 생월,-,국가명
PFAM1A00,조사에 참여하는 청소년(자녀 또는 피양육자)과 함께 살고 있는 가구원의 구성은 어떻게 됩니까?,해외 국가명 / 생월,1,"부모 모두(아버지, 어머니) + 자녀"
PFAM1A00_T,조사에 참여하는 청소년(자녀 또는 피양육자)과 함께 살고 있는 가구원의 구성은 어떻게 됩니까?,해외 국가명 / 생월,-,기타 (구체적으로)
PEDU1A00,조사에 참여하는 청소년(자녀 또는 피양육자)은 지난 1년간 사교육을 받은 경험이 있습니까?,해외 국가명 / 생월,1,예
PEDU1B01,"지난 1년간 사교육을 받은 경험이 있는 경우, 받은 이유를 중요한 순서대로 1순위와 2순위로 응답해 주십시오.",1순위 / 생월,1,상급 학교 진학을 위해
PEDU1B02,"지난 1년간 사교육을 받은 경험이 있는 경우, 받은 이유를 중요한 순서대로 1순위와 2순위로 응답해 주십시오.",2순위 / 생월,1,상급 학교 진학을 위해
PEDU1B02_T,"지난 1년간 사교육을 받은 경험이 있는 경우, 받은 이유를 중요한 순서대로 1순위와 2순위로 응답해 주십시오.",기타 (구체적으로) / 생월,-,
PEDU1C00,"지난 1년간 사교육을 받은 경험이 있는 경우, 월평균 교육비를 응답해 주십시오.",기타 (구체적으로) / 생월,-,만원
PEDU1B03,"지난 1년간 사교육을 받은 경험이 없는 경우, 받지 않은 이유를 중요한 순서대로 1순위와 2순위로 응답해 주십시오.",1순위 / 생월,1,학교 수업만으로도 충분해서
PEDU1B04,"지난 1년간 사교육을 받은 경험이 없는 경우, 받지 않은 이유를 중요한 순서대로 1순위와 2순위로 응답해 주십시오.",2순위 / 생월,1,학교 수업만으로도 충분해서
PEDU1B04_T,"지난 1년간 사교육을 받은 경험이 없는 경우, 받지 않은 이유를 중요한 순서대로 1순위와 2순위로 응답해 주십시오.",기타 (구체적으로) / 생월,-,
PFAM2A01,다음 중 조사에 참여하는 청소년(자녀 또는 피양육자)에게 다음의 역할을 하는 가구원은 누구라고 생각하십니까?,자녀(또는 피양육자)의 주양육자 / 생월,1,어머니
PFAM2A01_T,다음 중 조사에 참여하는 청소년(자녀 또는 피양육자)에게 다음의 역할을 하는 가구원은 누구라고 생각하십니까?,자녀(또는 피양육자)의 주양육자 / 생월,-,기타 (구체적으로)
PFAM2A02,다음 중 조사에 참여하는 청소년(자녀 또는 피양육자)에게 다음의 역할을 하는 가구원은 누구라고 생각하십니까?,자녀(또는 피양육자)의 학교 관련 일정을 주로 관리하는 보호자 / 생월,1,어머니
PFAM2A02_T,다음 중 조사에 참여하는 청소년(자녀 또는 피양육자)에게 다음의 역할을 하는 가구원은 누구라고 생각하십니까?,자녀(또는 피양육자)의 학교 관련 일정을 주로 관리하는 보호자 / 생월,-,기타 (구체적으로)
PFAM2A03,다음 중 조사에 참여하는 청소년(자녀 또는 피양육자)에게 다음의 역할을 하는 가구원은 누구라고 생각하십니까?,자녀(또는 피양육자)의 사교육 관련 일정을 주로 관리하는 보호자 / 생월,1,어머니
PFAM2A03_T,다음 중 조사에 참여하는 청소년(자녀 또는 피양육자)에게 다음의 역할을 하는 가구원은 누구라고 생각하십니까?,자녀(또는 피양육자)의 사교육 관련 일정을 주로 관리하는 보호자 / 생월,-,기타 (구체적으로)
PFAM2A04,다음 중 조사에 참여하는 청소년(자녀 또는 피양육자)에게 다음의 역할을 하는 가구원은 누구라고 생각하십니까?,자녀(또는 피양육자)의 교우관계 형성에 주로 관여하는 보호자 / 생월,1,어머니
PFAM2A04_T,다음 중 조사에 참여하는 청소년(자녀 또는 피양육자)에게 다음의 역할을 하는 가구원은 누구라고 생각하십니까?,자녀(또는 피양육자)의 교우관계 형성에 주로 관여하는 보호자 / 생월,-,기타 (구체적으로)
PFAM6A00,귀하의 자녀는 총 몇 명입니까?,자녀(또는 피양육자)의 교우관계 형성에 주로 관여하는 보호자 / 생월,-,명
PFAM6B00,자녀가 조사에 참여하는 청소년에 해당하는 경우 원패널을 선택해 주십시오.,자녀(또는 피양육자)의 교우관계 형성에 주로 관여하는 보호자 / 생월,-,번째(형제자매 중 원패널의 순서)
PFAM4A01,귀하는 조사에 참여하는 청소년(자녀 또는 피양육자)과 하루에 얼마나 시간을 함께 보내십니까? 평일과 주말로 구분하여 기입해 주십시오.,원패널 / 평일(하루 평균),-,시간
PFAM4A02,귀하는 조사에 참여하는 청소년(자녀 또는 피양육자)과 하루에 얼마나 시간을 함께 보내십니까? 평일과 주말로 구분하여 기입해 주십시오.,원패널 / 평일(하루 평균),-,분
PFAM4A03,귀하는 조사에 참여하는 청소년(자녀 또는 피양육자)과 하루에 얼마나 시간을 함께 보내십니까? 평일과 주말로 구분하여 기입해 주십시오.,원패널 / 주말(하루 평균),-,시간
PFAM4A04,귀하는 조사에 참여하는 청소년(자녀 또는 피양육자)과 하루에 얼마나 시간을 함께 보내십니까? 평일과 주말로 구분하여 기입해 주십시오.,원패널 / 주말(하루 평균),-,분
PFAM5A01,귀하는 자녀와 얼마나 시간을 함께 보내십니까? 각 자녀별로 평일과 주말로 구분하여 기입해 주십시오.,첫째 자녀 / 평일(하루 평균),-,시간
PFAM5A02,귀하는 자녀와 얼마나 시간을 함께 보내십니까? 각 자녀별로 평일과 주말로 구분하여 기입해 주십시오.,첫째 자녀 / 평일(하루 평균),-,분
PFAM5A03,귀하는 자녀와 얼마나 시간을 함께 보내십니까? 각 자녀별로 평일과 주말로 구분하여 기입해 주십시오.,첫째 자녀 / 주말(하루 평균),-,시간
PFAM5A04,귀하는 자녀와 얼마나 시간을 함께 보내십니까? 각 자녀별로 평일과 주말로 구분하여 기입해 주십시오.,첫째 자녀 / 주말(하루 평균),-,분
PFAM5B01,귀하는 자녀와 얼마나 시간을 함께 보내십니까? 각 자녀별로 평일과 주말로 구분하여 기입해 주십시오.,둘째 자녀 / 평일(하루 평균),-,시간
PFAM5B02,귀하는 자녀와 얼마나 시간을 함께 보내십니까? 각 자녀별로 평일과 주말로 구분하여 기입해 주십시오.,둘째 자녀 / 평일(하루 평균),-,분
PFAM5B03,귀하는 자녀와 얼마나 시간을 함께 보내십니까? 각 자녀별로 평일과 주말로 구분하여 기입해 주십시오.,둘째 자녀 / 주말(하루 평균),-,시간
PFAM5B04,귀하는 자녀와 얼마나 시간을 함께 보내십니까? 각 자녀별로 평일과 주말로 구분하여 기입해 주십시오.,둘째 자녀 / 주말(하루 평균),-,분
PFAM5C01,귀하는 자녀와 얼마나 시간을 함께 보내십니까? 각 자녀별로 평일과 주말로 구분하여 기입해 주십시오.,셋째 자녀 / 평일(하루 평균),-,시간
PFAM5C02,귀하는 자녀와 얼마나 시간을 함께 보내십니까? 각 자녀별로 평일과 주말로 구분하여 기입해 주십시오.,셋째 자녀 / 평일(하루 평균),-,분
PFAM5C03,귀하는 자녀와 얼마나 시간을 함께 보내십니까? 각 자녀별로 평일과 주말로 구분하여 기입해 주십시오.,셋째 자녀 / 주말(하루 평균),-,시간
PFAM5C04,귀하는 자녀와 얼마나 시간을 함께 보내십니까? 각 자녀별로 평일과 주말로 구분하여 기입해 주십시오.,셋째 자녀 / 주말(하루 평균),-,분
PFAM5D01,귀하는 자녀와 얼마나 시간을 함께 보내십니까? 각 자녀별로 평일과 주말로 구분하여 기입해 주십시오.,넷째 자녀 / 평일(하루 평균),-,시간
PFAM5D02,귀하는 자녀와 얼마나 시간을 함께 보내십니까? 각 자녀별로 평일과 주말로 구분하여 기입해 주십시오.,넷째 자녀 / 평일(하루 평균),-,분
PFAM5D03,귀하는 자녀와 얼마나 시간을 함께 보내십니까? 각 자녀별로 평일과 주말로 구분하여 기입해 주십시오.,넷째 자녀 / 주말(하루 평균),-,시간
PFAM5D04,귀하는 자녀와 얼마나 시간을 함께 보내십니까? 각 자녀별로 평일과 주말로 구분하여 기입해 주십시오.,넷째 자녀 / 주말(하루 평균),-,분
PFAM5E01,귀하는 자녀와 얼마나 시간을 함께 보내십니까? 각 자녀별로 평일과 주말로 구분하여 기입해 주십시오.,다섯째 자녀 / 평일(하루 평균),-,시간
PFAM5E02,귀하는 자녀와 얼마나 시간을 함께 보내십니까? 각 자녀별로 평일과 주말로 구분하여 기입해 주십시오.,다섯째 자녀 / 평일(하루 평균),-,분
PFAM5E03,귀하는 자녀와 얼마나 시간을 함께 보내십니까? 각 자녀별로 평일과 주말로 구분하여 기입해 주십시오.,다섯째 자녀 / 주말(하루 평균),-,시간
PFAM5E04,귀하는 자녀와 얼마나 시간을 함께 보내십니까? 각 자녀별로 평일과 주말로 구분하여 기입해 주십시오.,다섯째 자녀 / 주말(하루 평균),-,분
PFAM5F01,귀하는 자녀와 얼마나 시간을 함께 보내십니까? 각 자녀별로 평일과 주말로 구분하여 기입해 주십시오.,여섯째 자녀 / 평일(하루 평균),-,시간
PFAM5F02,귀하는 자녀와 얼마나 시간을 함께 보내십니까? 각 자녀별로 평일과 주말로 구분하여 기입해 주십시오.,여섯째 자녀 / 평일(하루 평균),-,분
PFAM5F03,귀하는 자녀와 얼마나 시간을 함께 보내십니까? 각 자녀별로 평일과 주말로 구분하여 기입해 주십시오.,여섯째 자녀 / 주말(하루 평균),-,시간
PFAM5F04,귀하는 자녀와 얼마나 시간을 함께 보내십니까? 각 자녀별로 평일과 주말로 구분하여 기입해 주십시오.,여섯째 자녀 / 주말(하루 평균),-,분
PFAM5G01,귀하는 자녀와 얼마나 시간을 함께 보내십니까? 각 자녀별로 평일과 주말로 구분하여 기입해 주십시오.,일곱째 자녀 / 평일(하루 평균),-,시간
PFAM5G02,귀하는 자녀와 얼마나 시간을 함께 보내십니까? 각 자녀별로 평일과 주말로 구분하여 기입해 주십시오.,일곱째 자녀 / 평일(하루 평균),-,분
PFAM5G03,귀하는 자녀와 얼마나 시간을 함께 보내십니까? 각 자녀별로 평일과 주말로 구분하여 기입해 주십시오.,일곱째 자녀 / 주말(하루 평균),-,시간
PFAM5G04,귀하는 자녀와 얼마나 시간을 함께 보내십니까? 각 자녀별로 평일과 주말로 구분하여 기입해 주십시오.,일곱째 자녀 / 주말(하루 평균),-,분
PFAM3A00,귀하는 조사에 참여하는 청소년(자녀 또는 피양육자)의 지난 학기(조사년도 1학기) 전 과목 성적이 다음 중 어디에 해당한다고 생각하십니까?,일곱째 자녀 / 주말(하루 평균),1,매우 못함
PFAM3B00,귀하는 조사에 참여하는 청소년(자녀 또는 피양육자)의 지난 학기(조사년도 1학기) 학교성적에 대해 얼마나 만족하십니까?,일곱째 자녀 / 주말(하루 평균),1,매우 불만족
PFAM3C00,귀하는 조사에 참여하는 청소년(자녀 또는 피양육자)의 지난 학기(조사년도 1학기) 학교생활에 대해 얼마나 만족하십니까?,일곱째 자녀 / 주말(하루 평균),1,매우 불만족
PFAM3C01,귀하는 조사에 참여하는 청소년(자녀 또는 피양육자)의 지난 학기(2020년도 1학기) 온라인 개학 기간 중 학교생활에 대해 얼마나 만족하십니까?,일곱째 자녀 / 주말(하루 평균),1,매우 불만족
PFAM3C02,귀하는 조사에 참여하는 청소년(자녀 또는 피양육자)의 지난 학기(2020년도 1학기) 등교 개학 기간 중 학교생활에 대해 얼마나 만족하십니까?,일곱째 자녀 / 주말(하루 평균),1,매우 불만족
PFAM3D00,귀하는 전반적으로 자녀가 어느 정도 수준까지 공부하기를 원하십니까?,일곱째 자녀 / 주말(하루 평균),1,고등학교 졸업
PFAM3E01,지난 학기(2021년도 1학기) 학교생활에서 등교수업과 원격수업은 일주일 중 평균적으로 며칠씩 했습니까?,등교수업 / 주말(하루 평균),-,일
PFAM3E02,지난 학기(2021년도 1학기) 학교생활에서 등교수업과 원격수업은 일주일 중 평균적으로 며칠씩 했습니까?,원격수업 / 주말(하루 평균),-,일
PFAM3F01,지난 학기(2021년도 1학기) 등교수업에 얼마나 만족하십니까?,원격수업 / 주말(하루 평균),1,매우 불만족
PFAM3F02,지난 학기(2021년도 1학기) 원격수업에 얼마나 만족하십니까?,원격수업 / 주말(하루 평균),1,매우 불만족
PMDA1A00,귀하는 스마트폰을 사용합니까?,원격수업 / 주말(하루 평균),1,예. 나의 스마트폰이 있음
PMDA1B01,귀하는 스마트폰을 얼마나 자주 사용합니까?,가족과의 통화  / 주말(하루 평균),1,전혀 사용하지 않는다
PMDA1B02,귀하는 스마트폰을 얼마나 자주 사용합니까?,"가족과의 문자 메시지(카톡, 라인 등 메신저 포함) / 주말(하루 평균)",1,전혀 사용하지 않는다
PMDA1B03,귀하는 스마트폰을 얼마나 자주 사용합니까?,친구와의 통화  / 주말(하루 평균),1,전혀 사용하지 않는다
PMDA1B04,귀하는 스마트폰을 얼마나 자주 사용합니까?,"친구와의 문자 메시지(카톡, 라인 등 메신저 포함) / 주말(하루 평균)",1,전혀 사용하지 않는다
PMDA1B05,귀하는 스마트폰을 얼마나 자주 사용합니까?,"SNS(트위터, 페이스북, 인스타그램 등) 이용 / 주말(하루 평균)",1,전혀 사용하지 않는다
PMDA1B06,귀하는 스마트폰을 얼마나 자주 사용합니까?,게임 / 주말(하루 평균),1,전혀 사용하지 않는다
PMDA1B07,귀하는 스마트폰을 얼마나 자주 사용합니까?,사진/동영상 촬영 / 주말(하루 평균),1,전혀 사용하지 않는다
PMDA1B08,귀하는 스마트폰을 얼마나 자주 사용합니까?,"TV 및 동영상 시청(DMB, 아프리카 TV, 판도라 TV, 유튜브 등) / 주말(하루 평균)",1,전혀 사용하지 않는다
PMDA1B09,귀하는 스마트폰을 얼마나 자주 사용합니까?,음악 감상 / 주말(하루 평균),1,전혀 사용하지 않는다
PMDA1B10,귀하는 스마트폰을 얼마나 자주 사용합니까?,"정보 검색(학교홈페이지, 뉴스, 포탈사이트, 웹서핑 등 학습·비학습 관련 모두 포함) / 주말(하루 평균)",1,전혀 사용하지 않는다
PMDA1B11,귀하는 스마트폰을 얼마나 자주 사용합니까?,"문서 보기(웹툰, e-Book 등) / 주말(하루 평균)",1,전혀 사용하지 않는다
PMDA1B12,귀하는 스마트폰을 얼마나 자주 사용합니까?,학업 또는 업무 관련 / 주말(하루 평균),1,전혀 사용하지 않는다
PMDA1B13,귀하는 스마트폰을 얼마나 자주 사용합니까?,기타 / 주말(하루 평균),1,전혀 사용하지 않는다
PMDA1B13_T,귀하는 스마트폰을 얼마나 자주 사용합니까?,기타 (구체적으로) / 주말(하루 평균),-,
PMDA1C01,귀하는 스마트폰 이용에 대해 자신이 어떻게 느끼고 있는지 응답해 주십시오.,스마트폰의 지나친 사용으로 업무능률이 떨어진다 / 주말(하루 평균),1,전혀 그렇지 않다
PMDA1C02,귀하는 스마트폰 이용에 대해 자신이 어떻게 느끼고 있는지 응답해 주십시오.,수시로 스마트폰을 사용하다가 지적을 받은 적이 있다 / 주말(하루 평균),1,전혀 그렇지 않다
PMDA1C03,귀하는 스마트폰 이용에 대해 자신이 어떻게 느끼고 있는지 응답해 주십시오.,스마트폰을 너무 자주 또는 오래한다고 가족이나 친구들로부터 불평을 들은 적이 있다 / 주말(하루 평균),1,전혀 그렇지 않다
PMDA1C04,귀하는 스마트폰 이용에 대해 자신이 어떻게 느끼고 있는지 응답해 주십시오.,스마트폰을 사용하느라 지금 하고 있는 일(공부)에 집중이 안 된 적이 있다 / 주말(하루 평균),1,전혀 그렇지 않다
PMDA1C05,귀하는 스마트폰 이용에 대해 자신이 어떻게 느끼고 있는지 응답해 주십시오.,스마트폰 사용이 지금 하고 있는 일(공부)에 방해가 되지 않는다 / 주말(하루 평균),1,전혀 그렇지 않다
PMDA1C06,귀하는 스마트폰 이용에 대해 자신이 어떻게 느끼고 있는지 응답해 주십시오.,스마트폰을 사용하지 못하면 온 세상을 잃은 것 같은 생각이 든다 / 주말(하루 평균),1,전혀 그렇지 않다
PMDA1C07,귀하는 스마트폰 이용에 대해 자신이 어떻게 느끼고 있는지 응답해 주십시오.,가족이나 친구들과 함께 있는 것보다 스마트폰을 사용하고 있는 것이 더 즐겁다 / 주말(하루 평균),1,전혀 그렇지 않다
PMDA1C08,귀하는 스마트폰 이용에 대해 자신이 어떻게 느끼고 있는지 응답해 주십시오.,스마트폰을 사용할 수 없게 된다면 견디기 힘들 것이다 / 주말(하루 평균),1,전혀 그렇지 않다
PMDA1C09,귀하는 스마트폰 이용에 대해 자신이 어떻게 느끼고 있는지 응답해 주십시오.,스마트폰이 없으면 안절부절 못하고 초조해진다 / 주말(하루 평균),1,전혀 그렇지 않다
PMDA1C10,귀하는 스마트폰 이용에 대해 자신이 어떻게 느끼고 있는지 응답해 주십시오.,스마트폰이 없어도 불안하지 않다 / 주말(하루 평균),1,전혀 그렇지 않다
PMDA1C11,귀하는 스마트폰 이용에 대해 자신이 어떻게 느끼고 있는지 응답해 주십시오.,"스마트폰이 옆에 없으면, 하루 종일 일(공부)이 손에 안 잡힌다 / 주말(하루 평균)",1,전혀 그렇지 않다
PMDA1C12,귀하는 스마트폰 이용에 대해 자신이 어떻게 느끼고 있는지 응답해 주십시오.,스마트폰 사용시간을 줄이려고 해보았지만 실패한다 / 주말(하루 평균),1,전혀 그렇지 않다
PMDA1C13,귀하는 스마트폰 이용에 대해 자신이 어떻게 느끼고 있는지 응답해 주십시오.,스마트폰을 사용할 때 그만해야지 라고 생각은 하면서도 계속한다 / 주말(하루 평균),1,전혀 그렇지 않다
PMDA1C14,귀하는 스마트폰 이용에 대해 자신이 어떻게 느끼고 있는지 응답해 주십시오.,스마트폰 사용에 많은 시간을 보내는 것이 습관화되었다 / 주말(하루 평균),1,전혀 그렇지 않다
PMDA1C15,귀하는 스마트폰 이용에 대해 자신이 어떻게 느끼고 있는지 응답해 주십시오.,스마트폰 사용에 많은 시간을 보내지 않는다 / 주말(하루 평균),1,전혀 그렇지 않다
PPSY1A01,현재 귀하의 생활에 대해 어떻게 생각하는지에 대한 질문입니다. 다음 각 문항에 대하여 귀하에게 해당되는 항목에 응답해 주십시오.,"전반적으로 볼 때, 나의 삶은 나의 이상에 가깝다 / 주말(하루 평균)",1,전혀 그렇지 않다
PPSY1A02,현재 귀하의 생활에 대해 어떻게 생각하는지에 대한 질문입니다. 다음 각 문항에 대하여 귀하에게 해당되는 항목에 응답해 주십시오.,내 삶의 상황들은 아주 좋다 / 주말(하루 평균),1,전혀 그렇지 않다
PPSY1A03,현재 귀하의 생활에 대해 어떻게 생각하는지에 대한 질문입니다. 다음 각 문항에 대하여 귀하에게 해당되는 항목에 응답해 주십시오.,나는 내 삶에 만족한다 / 주말(하루 평균),1,전혀 그렇지 않다
PPSY1A04,현재 귀하의 생활에 대해 어떻게 생각하는지에 대한 질문입니다. 다음 각 문항에 대하여 귀하에게 해당되는 항목에 응답해 주십시오.,지금까지 내 삶에서 내가 원하는 중요한 것들을 이루어 냈다 / 주말(하루 평균),1,전혀 그렇지 않다
PPSY1A05,현재 귀하의 생활에 대해 어떻게 생각하는지에 대한 질문입니다. 다음 각 문항에 대하여 귀하에게 해당되는 항목에 응답해 주십시오.,"만약 내 삶을 다시 살 수 있더라도, 나는 거의 아무것도 바꾸지 않을 것이다 / 주말(하루 평균)",1,전혀 그렇지 않다
PPSY2A01,아래 문항을 읽고 귀하를 가장 잘 설명한다고 생각하는 항목에 응답해 주십시오.,전반적으로 나는 …  / 주말(하루 평균),1,아주 불행한 사람이다
PPSY2A02,아래 문항을 읽고 귀하를 가장 잘 설명한다고 생각하는 항목에 응답해 주십시오.,다른 사람과 비교했을 때 나는… / 주말(하루 평균),1,아주 불행한 사람이다
PPSY2A03,아래 문항을 읽고 귀하를 가장 잘 설명한다고 생각하는 항목에 응답해 주십시오.,전반적으로 아주 행복한 사람들이 있다.그들은 무슨 일이 있어도 개의치 않고 즐겁게 지내는 편이다. 나는 … / 주말(하루 평균),1,전혀 그렇지 않다
PPSY2A04,아래 문항을 읽고 귀하를 가장 잘 설명한다고 생각하는 항목에 응답해 주십시오.,전반적으로 아주 불행한 사람들이 있다.그들은 특별히 우울한 일이 없어도 행복하지 않아 보인다.  나는 … / 주말(하루 평균),1,전혀 그렇지 않다
PPSY3A01,다음 각 문항에 대하여 자신에게 해당되는 항목에 응답해 주십시오.,나는 나에게 만족한다 / 주말(하루 평균),1,전혀 그렇지 않다
PPSY3A02,다음 각 문항에 대하여 자신에게 해당되는 항목에 응답해 주십시오.,때때로 나는 내가 어디에도 소용없는 사람이라고 생각한다 / 주말(하루 평균),1,전혀 그렇지 않다
PPSY3A03,다음 각 문항에 대하여 자신에게 해당되는 항목에 응답해 주십시오.,나는 내가 장점이 많다고 느낀다 / 주말(하루 평균),1,전혀 그렇지 않다
PPSY3A04,다음 각 문항에 대하여 자신에게 해당되는 항목에 응답해 주십시오.,나는 내가 적어도 다른 사람만큼 가치 있는 사람이라고 느낀다 / 주말(하루 평균),1,전혀 그렇지 않다
PPSY3A05,다음 각 문항에 대하여 자신에게 해당되는 항목에 응답해 주십시오.,나는 내가 자랑스러워할 만한 것이 별로 없다고 느낀다 / 주말(하루 평균),1,전혀 그렇지 않다
PPSY3A06,다음 각 문항에 대하여 자신에게 해당되는 항목에 응답해 주십시오.,때때로 나는 내가 쓸모없는 존재로 느껴진다 / 주말(하루 평균),1,전혀 그렇지 않다
PPSY3A07,다음 각 문항에 대하여 자신에게 해당되는 항목에 응답해 주십시오.,나는 남들만큼의 일은 할 수 있다 / 주말(하루 평균),1,전혀 그렇지 않다
PPSY3A08,다음 각 문항에 대하여 자신에게 해당되는 항목에 응답해 주십시오.,나는 나를 좀 더 존중할 수 있었으면 좋겠다 / 주말(하루 평균),1,전혀 그렇지 않다
PPSY3A09,다음 각 문항에 대하여 자신에게 해당되는 항목에 응답해 주십시오.,나는 내가 실패자라고 느끼는 경향이 있다 / 주말(하루 평균),1,전혀 그렇지 않다
PPSY3A10,다음 각 문항에 대하여 자신에게 해당되는 항목에 응답해 주십시오.,나는 나에 대해 긍정적인 태도를 지니고 있다 / 주말(하루 평균),1,전혀 그렇지 않다
PPSY4A01,본인을 잘 표현하는 단어를 원하는 만큼 자유롭게 선택해 주십시오.,유능한 / 주말(하루 평균),0,선택 안 함
PPSY4A02,본인을 잘 표현하는 단어를 원하는 만큼 자유롭게 선택해 주십시오.,매력적인 / 주말(하루 평균),0,선택 안 함
PPSY4A03,본인을 잘 표현하는 단어를 원하는 만큼 자유롭게 선택해 주십시오.,영리한 / 주말(하루 평균),0,선택 안 함
PPSY4A04,본인을 잘 표현하는 단어를 원하는 만큼 자유롭게 선택해 주십시오.,속물의 / 주말(하루 평균),0,선택 안 함
PPSY4A05,본인을 잘 표현하는 단어를 원하는 만큼 자유롭게 선택해 주십시오.,확신에 찬 / 주말(하루 평균),0,선택 안 함
PPSY4A06,본인을 잘 표현하는 단어를 원하는 만큼 자유롭게 선택해 주십시오.,인습에 얽매이지 않는 / 주말(하루 평균),0,선택 안 함
PPSY4A07,본인을 잘 표현하는 단어를 원하는 만큼 자유롭게 선택해 주십시오.,자화자찬의 / 주말(하루 평균),0,선택 안 함
PPSY4A08,본인을 잘 표현하는 단어를 원하는 만큼 자유롭게 선택해 주십시오.,가식적인 / 주말(하루 평균),0,선택 안 함
PPSY4A09,본인을 잘 표현하는 단어를 원하는 만큼 자유롭게 선택해 주십시오.,유머감각이 있는 / 주말(하루 평균),0,선택 안 함
PPSY4A10,본인을 잘 표현하는 단어를 원하는 만큼 자유롭게 선택해 주십시오.,매사에 조심스러운 / 주말(하루 평균),0,선택 안 함
PPSY4A11,본인을 잘 표현하는 단어를 원하는 만큼 자유롭게 선택해 주십시오.,개인주의적인 / 주말(하루 평균),0,선택 안 함
PPSY4A12,본인을 잘 표현하는 단어를 원하는 만큼 자유롭게 선택해 주십시오.,평범한 / 주말(하루 평균),0,선택 안 함
PPSY4A13,본인을 잘 표현하는 단어를 원하는 만큼 자유롭게 선택해 주십시오.,격식을 차리지 않는 / 주말(하루 평균),0,선택 안 함
PPSY4A14,본인을 잘 표현하는 단어를 원하는 만큼 자유롭게 선택해 주십시오.,보수적인 / 주말(하루 평균),0,선택 안 함
PPSY4A15,본인을 잘 표현하는 단어를 원하는 만큼 자유롭게 선택해 주십시오.,통찰력이 있는 / 주말(하루 평균),0,선택 안 함
PPSY4A16,본인을 잘 표현하는 단어를 원하는 만큼 자유롭게 선택해 주십시오.,관습적인 / 주말(하루 평균),0,선택 안 함
PPSY4A17,본인을 잘 표현하는 단어를 원하는 만큼 자유롭게 선택해 주십시오.,지적인 / 주말(하루 평균),0,선택 안 함
PPSY4A18,본인을 잘 표현하는 단어를 원하는 만큼 자유롭게 선택해 주십시오.,불만에 찬 / 주말(하루 평균),0,선택 안 함
PPSY4A19,본인을 잘 표현하는 단어를 원하는 만큼 자유롭게 선택해 주십시오.,관심이 다양한 / 주말(하루 평균),0,선택 안 함
PPSY4A20,본인을 잘 표현하는 단어를 원하는 만큼 자유롭게 선택해 주십시오.,정직한 / 주말(하루 평균),0,선택 안 함
PPSY4A21,본인을 잘 표현하는 단어를 원하는 만큼 자유롭게 선택해 주십시오.,발명의 재능이 있는 / 주말(하루 평균),0,선택 안 함
PPSY4A22,본인을 잘 표현하는 단어를 원하는 만큼 자유롭게 선택해 주십시오.,관심의 폭이 좁은 / 주말(하루 평균),0,선택 안 함
PPSY4A23,본인을 잘 표현하는 단어를 원하는 만큼 자유롭게 선택해 주십시오.,독창적인 / 주말(하루 평균),0,선택 안 함
PPSY4A24,본인을 잘 표현하는 단어를 원하는 만큼 자유롭게 선택해 주십시오.,예의바른 / 주말(하루 평균),0,선택 안 함
PPSY4A25,본인을 잘 표현하는 단어를 원하는 만큼 자유롭게 선택해 주십시오.,심사숙고하는 / 주말(하루 평균),0,선택 안 함
PPSY4A26,본인을 잘 표현하는 단어를 원하는 만큼 자유롭게 선택해 주십시오.,진실한 / 주말(하루 평균),0,선택 안 함
PPSY4A27,본인을 잘 표현하는 단어를 원하는 만큼 자유롭게 선택해 주십시오.,"기지가 있는(재치있는, 임기응변의) / 주말(하루 평균)",0,선택 안 함
PPSY4A28,본인을 잘 표현하는 단어를 원하는 만큼 자유롭게 선택해 주십시오.,순종하는 / 주말(하루 평균),0,선택 안 함
PPSY4A29,본인을 잘 표현하는 단어를 원하는 만큼 자유롭게 선택해 주십시오.,자신감이 넘치는 / 주말(하루 평균),0,선택 안 함
PPSY4A30,본인을 잘 표현하는 단어를 원하는 만큼 자유롭게 선택해 주십시오.,의심이 많은 / 주말(하루 평균),0,선택 안 함
PPSY4Asc,창의적 성격 점수,의심이 많은 / 주말(하루 평균),-,-12 ~ 18 사이의 값
PPSY5A01,다음 각 문항에 대해 평소 본인의 생각과 가장 가깝다고 생각되는 곳에 응답해 주십시오.,나는 무엇을 하다가 다른 생각이 나면 집중하기가 어렵다 / 주말(하루 평균),1,전혀 그렇지 않다
PPSY5A02,다음 각 문항에 대해 평소 본인의 생각과 가장 가깝다고 생각되는 곳에 응답해 주십시오.,"나는 문제를 해결하다가 어려움이 생겼을 때 크게 좌절하지 않으며, 다른 사람들보다 빨리 좌절에서 벗어난다 / 주말(하루 평균)",1,전혀 그렇지 않다
PPSY5A03,다음 각 문항에 대해 평소 본인의 생각과 가장 가깝다고 생각되는 곳에 응답해 주십시오.,나는 어떤 문제에 잠깐 집중하다가 곧 흥미를 잃은 적이 있다 / 주말(하루 평균),1,전혀 그렇지 않다
PPSY5A04,다음 각 문항에 대해 평소 본인의 생각과 가장 가깝다고 생각되는 곳에 응답해 주십시오.,나는 노력가이다 / 주말(하루 평균),1,전혀 그렇지 않다
PPSY5A05,다음 각 문항에 대해 평소 본인의 생각과 가장 가깝다고 생각되는 곳에 응답해 주십시오.,나는 자주 목표를 세우지만 그것을 이루기 전에 다른 목표를 세우고는 한다 / 주말(하루 평균),1,전혀 그렇지 않다
PPSY5A06,다음 각 문항에 대해 평소 본인의 생각과 가장 가깝다고 생각되는 곳에 응답해 주십시오.,나는 무엇을 완성하는데 시간이 오래 걸리면 계속 열심히 하는 것이 어렵다 / 주말(하루 평균),1,전혀 그렇지 않다
PPSY5A07,다음 각 문항에 대해 평소 본인의 생각과 가장 가깝다고 생각되는 곳에 응답해 주십시오.,나는 시작하면 무조건 끝낸다 / 주말(하루 평균),1,전혀 그렇지 않다
PPSY5A08,다음 각 문항에 대해 평소 본인의 생각과 가장 가깝다고 생각되는 곳에 응답해 주십시오.,나는 부지런하다 / 주말(하루 평균),1,전혀 그렇지 않다
PPHY1A00,"귀하는 동년배와 비교했을 때, 건강 상태가 어떻다고 생각하십니까?",나는 부지런하다 / 주말(하루 평균),1,전혀 건강하지 않다
PPHY1B00,귀하는 지난 일주일 간 땀이 날 정도로 운동한 시간은 몇 시간 정도입니까?,나는 부지런하다 / 주말(하루 평균),1,없다
PPHY1C00,귀하는 지난 일주일 간 아침식사를 한 날은 며칠입니까?,나는 부지런하다 / 주말(하루 평균),-,일
PPHY2A00,키와 몸무게는 어떻게 됩니까?,키 / 주말(하루 평균),-,cm
PPHY2B00,키와 몸무게는 어떻게 됩니까?,몸무게 / 주말(하루 평균),-,kg
PBRP1,귀하의 출생지는 어디입니까?,국내/해외 / 주말(하루 평균),1,국내
PBRP2,귀하의 출생지는 어디입니까?,국내 시도 / 주말(하루 평균),1,서울
PBRP3,귀하의 출생지는 어디입니까?,해외 국가명 / 주말(하루 평균),-,국가명
PSCHOOL1,조사에 참여하는 청소년(자녀 또는 피양육자)의 부모님(부모님이 안 계신 경우 보호자)의 최종 학력은 어떻게 됩니까?(중간에 학교를 그만 둔 경우는 '졸업' 이 아닙니다.),아버지 / 주말(하루 평균),1,학교 안 다님
PSCHOOL2,조사에 참여하는 청소년(자녀 또는 피양육자)의 부모님(부모님이 안 계신 경우 보호자)의 최종 학력은 어떻게 됩니까?(중간에 학교를 그만 둔 경우는 '졸업' 이 아닙니다.),어머니 / 주말(하루 평균),1,학교 안 다님
PSCHOOL3,조사에 참여하는 청소년(자녀 또는 피양육자)의 부모님(부모님이 안 계신 경우 보호자)의 최종 학력은 어떻게 됩니까?(중간에 학교를 그만 둔 경우는 '졸업' 이 아닙니다.),보호자(부모님이 안계신 경우) / 주말(하루 평균),1,학교 안 다님
PWORKW1,조사에 참여하는 청소년(자녀 또는 피양육자)의 부모님(부모님이 안 계신 경우 보호자)은 지난 일주일 동안 수입을 목적으로 1시간 이상 일을 하셨습니까? 또는 돈을 받지 않고 가족이 경영하는 사업체나 농장 등에서 18시간 이상 일을 하셨습니까?,아버지 / 주말(하루 평균),1,예
PWORKW2,조사에 참여하는 청소년(자녀 또는 피양육자)의 부모님(부모님이 안 계신 경우 보호자)은 지난 일주일 동안 수입을 목적으로 1시간 이상 일을 하셨습니까? 또는 돈을 받지 않고 가족이 경영하는 사업체나 농장 등에서 18시간 이상 일을 하셨습니까?,어머니 / 주말(하루 평균),1,예
PWORKW3,조사에 참여하는 청소년(자녀 또는 피양육자)의 부모님(부모님이 안 계신 경우 보호자)은 지난 일주일 동안 수입을 목적으로 1시간 이상 일을 하셨습니까? 또는 돈을 받지 않고 가족이 경영하는 사업체나 농장 등에서 18시간 이상 일을 하셨습니까?,보호자(부모님이 안계신 경우) / 주말(하루 평균),1,예
PJOB1,조사에 참여하는 청소년(자녀 또는 피양육자)의 부모님(부모님이 안 계신 경우 보호자)의 직업은 다음중 어디에 해당됩니까?,아버지 / 주말(하루 평균),1,관리자
PJOB1_T,조사에 참여하는 청소년(자녀 또는 피양육자)의 부모님(부모님이 안 계신 경우 보호자)의 직업은 다음중 어디에 해당됩니까?,아버지 / 주말(하루 평균),-,기타 (구체적으로)
PJOB2,조사에 참여하는 청소년(자녀 또는 피양육자)의 부모님(부모님이 안 계신 경우 보호자)의 직업은 다음중 어디에 해당됩니까?,어머니 / 주말(하루 평균),1,관리자
PJOB2_T,조사에 참여하는 청소년(자녀 또는 피양육자)의 부모님(부모님이 안 계신 경우 보호자)의 직업은 다음중 어디에 해당됩니까?,어머니 / 주말(하루 평균),-,기타 (구체적으로)
PJOB3,조사에 참여하는 청소년(자녀 또는 피양육자)의 부모님(부모님이 안 계신 경우 보호자)의 직업은 다음중 어디에 해당됩니까?,보호자(부모님이 안계신 경우) / 주말(하루 평균),1,관리자
PJOB3_T,조사에 참여하는 청소년(자녀 또는 피양육자)의 부모님(부모님이 안 계신 경우 보호자)의 직업은 다음중 어디에 해당됩니까?,보호자(부모님이 안계신 경우) / 주말(하루 평균),-,기타 (구체적으로)
PINCOME,귀 댁의 월평균 가구소득은 얼마입니까?,보호자(부모님이 안계신 경우) / 주말(하루 평균),1,소득 없음
PINCOME1,귀 댁의 가정 형편(경제수준)은 다음 중 어디에 해당한다고 생각하십니까?,보호자(부모님이 안계신 경우) / 주말(하루 평균),1,최하
PDIS1A01,우리 사회와 본인이 다음의 재난으로부터 얼마나 안전하다고 느끼십니까?,우리사회 / 폭염⋅한파,1,매우 안전하지 않다
PDIS1A02,우리 사회와 본인이 다음의 재난으로부터 얼마나 안전하다고 느끼십니까?,"우리사회 / 풍수해
(태풍, 홍수, 호우, 해일 등)",1,매우 안전하지 않다
PDIS1A03,우리 사회와 본인이 다음의 재난으로부터 얼마나 안전하다고 느끼십니까?,우리사회 / 지진,1,매우 안전하지 않다
PDIS1A04,우리 사회와 본인이 다음의 재난으로부터 얼마나 안전하다고 느끼십니까?,우리사회 / 황사,1,매우 안전하지 않다
PDIS1A05,우리 사회와 본인이 다음의 재난으로부터 얼마나 안전하다고 느끼십니까?,우리사회 / 산불,1,매우 안전하지 않다
PDIS1A06,우리 사회와 본인이 다음의 재난으로부터 얼마나 안전하다고 느끼십니까?,우리사회 / 화산폭발,1,매우 안전하지 않다
PDIS1A07,우리 사회와 본인이 다음의 재난으로부터 얼마나 안전하다고 느끼십니까?,우리사회 / 감염병 유행,1,매우 안전하지 않다
PDIS1A08,우리 사회와 본인이 다음의 재난으로부터 얼마나 안전하다고 느끼십니까?,"우리사회 / 건축물 붕괴
(건물, 도로, 기반시설 등)",1,매우 안전하지 않다
PDIS1A09,우리 사회와 본인이 다음의 재난으로부터 얼마나 안전하다고 느끼십니까?,우리사회 / 화재 및 폭발사고,1,매우 안전하지 않다
PDIS1A10,우리 사회와 본인이 다음의 재난으로부터 얼마나 안전하다고 느끼십니까?,"우리사회 / 교통사고
(항공사고, 해상사고 포함)",1,매우 안전하지 않다
PDIS1A11,우리 사회와 본인이 다음의 재난으로부터 얼마나 안전하다고 느끼십니까?,"우리사회 / 환경오염사고
(유해물질 유출 등)",1,매우 안전하지 않다
PDIS1A12,우리 사회와 본인이 다음의 재난으로부터 얼마나 안전하다고 느끼십니까?,우리사회 / 미세먼지,1,매우 안전하지 않다
PDIS1B01,우리 사회와 본인이 다음의 재난으로부터 얼마나 안전하다고 느끼십니까?,본인 / 폭염⋅한파,1,매우 안전하지 않다
PDIS1B02,우리 사회와 본인이 다음의 재난으로부터 얼마나 안전하다고 느끼십니까?,"본인 / 풍수해
(태풍, 홍수, 호우, 해일 등)",1,매우 안전하지 않다
PDIS1B03,우리 사회와 본인이 다음의 재난으로부터 얼마나 안전하다고 느끼십니까?,본인 / 지진,1,매우 안전하지 않다
PDIS1B04,우리 사회와 본인이 다음의 재난으로부터 얼마나 안전하다고 느끼십니까?,본인 / 황사,1,매우 안전하지 않다
PDIS1B05,우리 사회와 본인이 다음의 재난으로부터 얼마나 안전하다고 느끼십니까?,본인 / 산불,1,매우 안전하지 않다
PDIS1B06,우리 사회와 본인이 다음의 재난으로부터 얼마나 안전하다고 느끼십니까?,본인 / 화산폭발,1,매우 안전하지 않다
PDIS1B07,우리 사회와 본인이 다음의 재난으로부터 얼마나 안전하다고 느끼십니까?,본인 / 감염병 유행,1,매우 안전하지 않다
PDIS1B08,우리 사회와 본인이 다음의 재난으로부터 얼마나 안전하다고 느끼십니까?,"본인 / 건축물 붕괴
(건물, 도로, 기반시설 등)",1,매우 안전하지 않다
PDIS1B09,우리 사회와 본인이 다음의 재난으로부터 얼마나 안전하다고 느끼십니까?,본인 / 화재 및 폭발사고,1,매우 안전하지 않다
PDIS1B10,우리 사회와 본인이 다음의 재난으로부터 얼마나 안전하다고 느끼십니까?,"본인 / 교통사고
(항공사고, 해상사고 포함)",1,매우 안전하지 않다
PDIS1B11,우리 사회와 본인이 다음의 재난으로부터 얼마나 안전하다고 느끼십니까?,"본인 / 환경오염사고
(유해물질 유출 등)",1,매우 안전하지 않다
PDIS1B12,우리 사회와 본인이 다음의 재난으로부터 얼마나 안전하다고 느끼십니까?,본인 / 미세먼지,1,매우 안전하지 않다
PDIS2A00,우리 사회가 안전을 최우선적으로 중시한다고 생각하십니까?,본인 / 미세먼지,1,전혀 그렇지 않다
PDIS2B00,귀하는 일상생활을 할 때 안전을 최우선적으로 생각하십니까?,본인 / 미세먼지,1,전혀 그렇지 않다
PDIS3A01,다음의 재난발생 시의 행동요령을 얼마나 알고 계십니까?,자연재난 / 폭염⋅한파,1,전혀 모른다
PDIS3A02,다음의 재난발생 시의 행동요령을 얼마나 알고 계십니까?,"자연재난 / 풍수해
(태풍, 홍수, 호우, 해일 등)",1,전혀 모른다
PDIS3A03,다음의 재난발생 시의 행동요령을 얼마나 알고 계십니까?,자연재난 / 지진,1,전혀 모른다
PDIS3A04,다음의 재난발생 시의 행동요령을 얼마나 알고 계십니까?,자연재난 / 황사,1,전혀 모른다
PDIS3A05,다음의 재난발생 시의 행동요령을 얼마나 알고 계십니까?,자연재난 / 산불,1,전혀 모른다
PDIS3A06,다음의 재난발생 시의 행동요령을 얼마나 알고 계십니까?,자연재난 / 화산폭발,1,전혀 모른다
PDIS3A07,다음의 재난발생 시의 행동요령을 얼마나 알고 계십니까?,사회재난 / 감염병 유행,1,전혀 모른다
PDIS3A08,다음의 재난발생 시의 행동요령을 얼마나 알고 계십니까?,"사회재난 / 건축물 붕괴
(건물, 도로, 기반시설 등)",1,전혀 모른다
PDIS3A09,다음의 재난발생 시의 행동요령을 얼마나 알고 계십니까?,사회재난 / 화재 및 폭발사고,1,전혀 모른다
PDIS3A10,다음의 재난발생 시의 행동요령을 얼마나 알고 계십니까?,"사회재난 / 교통사고
(항공사고, 해상사고 포함)",1,전혀 모른다
PDIS3A11,다음의 재난발생 시의 행동요령을 얼마나 알고 계십니까?,"사회재난 / 환경오염사고
(유해물질 유출 등)",1,전혀 모른다
PDIS3A12,다음의 재난발생 시의 행동요령을 얼마나 알고 계십니까?,사회재난 / 미세먼지,1,전혀 모른다
PRME1A01,"각각의 눈을 보고, 그 사람의 감정이나 생각을 가장 잘 묘사한 단어라고 생각되는 한 단어만을 선택해 주십시오.",사회재난 / 미세먼지,1,증오하는
PRME1A02,"각각의 눈을 보고, 그 사람의 감정이나 생각을 가장 잘 묘사한 단어라고 생각되는 한 단어만을 선택해 주십시오.",사회재난 / 미세먼지,1,불친절한
PRME1A03,"각각의 눈을 보고, 그 사람의 감정이나 생각을 가장 잘 묘사한 단어라고 생각되는 한 단어만을 선택해 주십시오.",사회재난 / 미세먼지,1,우호적인
PRME1A04,"각각의 눈을 보고, 그 사람의 감정이나 생각을 가장 잘 묘사한 단어라고 생각되는 한 단어만을 선택해 주십시오.",사회재난 / 미세먼지,1,편안한
PRME1A05,"각각의 눈을 보고, 그 사람의 감정이나 생각을 가장 잘 묘사한 단어라고 생각되는 한 단어만을 선택해 주십시오.",사회재난 / 미세먼지,1,가여워하는
PRME1A06,"각각의 눈을 보고, 그 사람의 감정이나 생각을 가장 잘 묘사한 단어라고 생각되는 한 단어만을 선택해 주십시오.",사회재난 / 미세먼지,1,증오하는
PRME1A07,"각각의 눈을 보고, 그 사람의 감정이나 생각을 가장 잘 묘사한 단어라고 생각되는 한 단어만을 선택해 주십시오.",사회재난 / 미세먼지,1,가여워하는
PRME1A08,"각각의 눈을 보고, 그 사람의 감정이나 생각을 가장 잘 묘사한 단어라고 생각되는 한 단어만을 선택해 주십시오.",사회재난 / 미세먼지,1,회상하는
PRME1A09,"각각의 눈을 보고, 그 사람의 감정이나 생각을 가장 잘 묘사한 단어라고 생각되는 한 단어만을 선택해 주십시오.",사회재난 / 미세먼지,1,짜증난
PRME1A10,"각각의 눈을 보고, 그 사람의 감정이나 생각을 가장 잘 묘사한 단어라고 생각되는 한 단어만을 선택해 주십시오.",사회재난 / 미세먼지,1,친절한
PRME1A11,"각각의 눈을 보고, 그 사람의 감정이나 생각을 가장 잘 묘사한 단어라고 생각되는 한 단어만을 선택해 주십시오.",사회재난 / 미세먼지,1,으스대는
PRME1A12,"각각의 눈을 보고, 그 사람의 감정이나 생각을 가장 잘 묘사한 단어라고 생각되는 한 단어만을 선택해 주십시오.",사회재난 / 미세먼지,1,혼란스러운
PRME1A13,"각각의 눈을 보고, 그 사람의 감정이나 생각을 가장 잘 묘사한 단어라고 생각되는 한 단어만을 선택해 주십시오.",사회재난 / 미세먼지,1,무언가 생각하는
PRME1A14,"각각의 눈을 보고, 그 사람의 감정이나 생각을 가장 잘 묘사한 단어라고 생각되는 한 단어만을 선택해 주십시오.",사회재난 / 미세먼지,1,행복한
PRME1A15,"각각의 눈을 보고, 그 사람의 감정이나 생각을 가장 잘 묘사한 단어라고 생각되는 한 단어만을 선택해 주십시오.",사회재난 / 미세먼지,1,의심스러운
PRME1A16,"각각의 눈을 보고, 그 사람의 감정이나 생각을 가장 잘 묘사한 단어라고 생각되는 한 단어만을 선택해 주십시오.",사회재난 / 미세먼지,1,단호한
PRME1A17,"각각의 눈을 보고, 그 사람의 감정이나 생각을 가장 잘 묘사한 단어라고 생각되는 한 단어만을 선택해 주십시오.",사회재난 / 미세먼지,1,화난
PRME1A18,"각각의 눈을 보고, 그 사람의 감정이나 생각을 가장 잘 묘사한 단어라고 생각되는 한 단어만을 선택해 주십시오.",사회재난 / 미세먼지,1,수심에 잠긴
PRME1A19,"각각의 눈을 보고, 그 사람의 감정이나 생각을 가장 잘 묘사한 단어라고 생각되는 한 단어만을 선택해 주십시오.",사회재난 / 미세먼지,1,화난
PRME1A20,"각각의 눈을 보고, 그 사람의 감정이나 생각을 가장 잘 묘사한 단어라고 생각되는 한 단어만을 선택해 주십시오.",사회재난 / 미세먼지,1,친절한
PRME1A21,"각각의 눈을 보고, 그 사람의 감정이나 생각을 가장 잘 묘사한 단어라고 생각되는 한 단어만을 선택해 주십시오.",사회재난 / 미세먼지,1,흥미있는
PRME1A22,"각각의 눈을 보고, 그 사람의 감정이나 생각을 가장 잘 묘사한 단어라고 생각되는 한 단어만을 선택해 주십시오.",사회재난 / 미세먼지,1,장난기 있는
PRME1A23,"각각의 눈을 보고, 그 사람의 감정이나 생각을 가장 잘 묘사한 단어라고 생각되는 한 단어만을 선택해 주십시오.",사회재난 / 미세먼지,1,놀란
PRME1A24,"각각의 눈을 보고, 그 사람의 감정이나 생각을 가장 잘 묘사한 단어라고 생각되는 한 단어만을 선택해 주십시오.",사회재난 / 미세먼지,1,진지한
PRME1A25,"각각의 눈을 보고, 그 사람의 감정이나 생각을 가장 잘 묘사한 단어라고 생각되는 한 단어만을 선택해 주십시오.",사회재난 / 미세먼지,1,수줍은
PRME1A26,"각각의 눈을 보고, 그 사람의 감정이나 생각을 가장 잘 묘사한 단어라고 생각되는 한 단어만을 선택해 주십시오.",사회재난 / 미세먼지,1,농담하는
PRME1A27,"각각의 눈을 보고, 그 사람의 감정이나 생각을 가장 잘 묘사한 단어라고 생각되는 한 단어만을 선택해 주십시오.",사회재난 / 미세먼지,1,부끄러운
PRME1A28,"각각의 눈을 보고, 그 사람의 감정이나 생각을 가장 잘 묘사한 단어라고 생각되는 한 단어만을 선택해 주십시오.",사회재난 / 미세먼지,1,혐오하는
PRME1Asc,RMET(Reading the Mind in the Eyes Test) 점수,사회재난 / 미세먼지,-,0~28 사이의 값
PFUR4B01,직업을 선택할 때 다음의 요인들이 얼마나 중요하다고 생각하십니까?,안정적으로 오랫동안 일할 수 있다 / 미세먼지,1,전혀 중요하지 않다
PFUR4B02,직업을 선택할 때 다음의 요인들이 얼마나 중요하다고 생각하십니까?,수입(임금)이 많다 / 미세먼지,1,전혀 중요하지 않다
PFUR4B03,직업을 선택할 때 다음의 요인들이 얼마나 중요하다고 생각하십니까?,사회적 명예(위신)가 높다 / 미세먼지,1,전혀 중요하지 않다
PFUR4B04,직업을 선택할 때 다음의 요인들이 얼마나 중요하다고 생각하십니까?,국가/사회에 기여할 수 있다 / 미세먼지,1,전혀 중요하지 않다
PFUR4B05,직업을 선택할 때 다음의 요인들이 얼마나 중요하다고 생각하십니까?,자신의 소질과 적성을 살릴 수 있다 / 미세먼지,1,전혀 중요하지 않다
PFUR4B06,직업을 선택할 때 다음의 요인들이 얼마나 중요하다고 생각하십니까?,일하는 환경이 쾌적하다 / 미세먼지,1,전혀 중요하지 않다
PFUR4B07,직업을 선택할 때 다음의 요인들이 얼마나 중요하다고 생각하십니까?,시간적으로 여유가 있다 / 미세먼지,1,전혀 중요하지 않다
PFUR4B08,직업을 선택할 때 다음의 요인들이 얼마나 중요하다고 생각하십니까?,가족과 함께 지내는 시간이 보장된다 / 미세먼지,1,전혀 중요하지 않다
PFUR4B09,직업을 선택할 때 다음의 요인들이 얼마나 중요하다고 생각하십니까?,여러 사람들과 어울려 일할 수 있다 / 미세먼지,1,전혀 중요하지 않다
PFUR4B10,직업을 선택할 때 다음의 요인들이 얼마나 중요하다고 생각하십니까?,직장 동료와의 경쟁이 심하지 않다 / 미세먼지,1,전혀 중요하지 않다
PFUR4B11,직업을 선택할 때 다음의 요인들이 얼마나 중요하다고 생각하십니까?,자율적으로 일할 수 있다 / 미세먼지,1,전혀 중요하지 않다
PFUR4B12,직업을 선택할 때 다음의 요인들이 얼마나 중요하다고 생각하십니까?,다양한 경험을 할 수 있다 / 미세먼지,1,전혀 중요하지 않다
PFUR4C04,지난 1년 동안 다음과 같은 진로와 관련된 활동에 참여한 경험이 있습니까? 참여한 적이 있다면 참여 경험이 진로 설정에 얼마나 도움이 되었는지 응답해 주십시오.,진로 관련 상담 / 미세먼지,1,(참여한 적) 없다
PFUR4C06,지난 1년 동안 다음과 같은 진로와 관련된 활동에 참여한 경험이 있습니까? 참여한 적이 있다면 참여 경험이 진로 설정에 얼마나 도움이 되었는지 응답해 주십시오.,진로 관련 특강 및 강연 / 미세먼지,1,(참여한 적) 없다
PFUR4C07,지난 1년 동안 다음과 같은 진로와 관련된 활동에 참여한 경험이 있습니까? 참여한 적이 있다면 참여 경험이 진로 설정에 얼마나 도움이 되었는지 응답해 주십시오.,교육과정 및 진학 관련 설명회 / 미세먼지,1,(참여한 적) 없다
PFUR4C08,지난 1년 동안 다음과 같은 진로와 관련된 활동에 참여한 경험이 있습니까? 참여한 적이 있다면 참여 경험이 진로 설정에 얼마나 도움이 되었는지 응답해 주십시오.,학업 설계 워크숍 / 미세먼지,1,(참여한 적) 없다
PFUR4C14,지난 1년 동안 다음과 같은 진로와 관련된 활동에 참여한 경험이 있습니까? 참여한 적이 있다면 참여 경험이 진로 설정에 얼마나 도움이 되었는지 응답해 주십시오.,직업박람회 / 미세먼지,1,(참여한 적) 없다
PFUR4C15,지난 1년 동안 다음과 같은 진로와 관련된 활동에 참여한 경험이 있습니까? 참여한 적이 있다면 참여 경험이 진로 설정에 얼마나 도움이 되었는지 응답해 주십시오.,진로 관련 책/잡지 / 미세먼지,1,(참여한 적) 없다
PFUR4C16,지난 1년 동안 다음과 같은 진로와 관련된 활동에 참여한 경험이 있습니까? 참여한 적이 있다면 참여 경험이 진로 설정에 얼마나 도움이 되었는지 응답해 주십시오.,진로 관련 인터넷 자료 / 미세먼지,1,(참여한 적) 없다
PSVL1A01,지난 1년 동안 귀하의 자녀는 다음과 같은 행동을 친구나 선후배에게 가한 경험이 있습니까?,심하게 놀리거나 조롱하기 / 미세먼지,1,없다
PSVL1A02,지난 1년 동안 귀하의 자녀는 다음과 같은 행동을 친구나 선후배에게 가한 경험이 있습니까?,집단따돌림(왕따)시키기 / 미세먼지,1,없다
PSVL1A03,지난 1년 동안 귀하의 자녀는 다음과 같은 행동을 친구나 선후배에게 가한 경험이 있습니까?,심하게 때리기 / 미세먼지,1,없다
PSVL1A04,지난 1년 동안 귀하의 자녀는 다음과 같은 행동을 친구나 선후배에게 가한 경험이 있습니까?,협박하기 / 미세먼지,1,없다
PSVL1A05,지난 1년 동안 귀하의 자녀는 다음과 같은 행동을 친구나 선후배에게 가한 경험이 있습니까?,돈이나 물건 뺏기(삥뜯기) / 미세먼지,1,없다
PSVL1A06,지난 1년 동안 귀하의 자녀는 다음과 같은 행동을 친구나 선후배에게 가한 경험이 있습니까?,심한 욕설과 폭언 / 미세먼지,1,없다
PSVL1A07,지난 1년 동안 귀하의 자녀는 다음과 같은 행동을 친구나 선후배에게 가한 경험이 있습니까?,"온라인(인터넷, 카카오톡, SNS 등)에서 따돌리거나 괴롭히기(예: 욕설/모욕, 협박, 성희롱, 사생활 공개 등) / 미세먼지",1,없다
PSVL1C01,지난 1년 동안 귀하의 자녀는 다음과 같은 행동을 친구나 선후배로부터 당한 경험이 있습니까?,심하게 놀림이나 조롱당하기 / 미세먼지,1,없다
PSVL1C02,지난 1년 동안 귀하의 자녀는 다음과 같은 행동을 친구나 선후배로부터 당한 경험이 있습니까?,집단따돌림(왕따)당하기 / 미세먼지,1,없다
PSVL1C03,지난 1년 동안 귀하의 자녀는 다음과 같은 행동을 친구나 선후배로부터 당한 경험이 있습니까?,심하게 맞기 / 미세먼지,1,없다
PSVL1C04,지난 1년 동안 귀하의 자녀는 다음과 같은 행동을 친구나 선후배로부터 당한 경험이 있습니까?,협박 당하기 / 미세먼지,1,없다
PSVL1C05,지난 1년 동안 귀하의 자녀는 다음과 같은 행동을 친구나 선후배로부터 당한 경험이 있습니까?,돈이나 물건 빼앗기기(삥뜯기기) / 미세먼지,1,없다
PSVL1C06,지난 1년 동안 귀하의 자녀는 다음과 같은 행동을 친구나 선후배로부터 당한 경험이 있습니까?,심한 욕설과 폭언 당하기 / 미세먼지,1,없다
PSVL1C07,지난 1년 동안 귀하의 자녀는 다음과 같은 행동을 친구나 선후배로부터 당한 경험이 있습니까?,"사이버 공간(인터넷, 카카오톡, SNS 등)에서 따돌림이나 괴롭힘을 당함(예, 욕설/모욕, 협박, 성희롱, 사생활 공개 등) / 미세먼지",1,없다
PCOM1A01,귀하가 동네와 동네 사람들을 어떻게 생각하는지에 대한 질문입니다. 다음 각 문항에 대하여 자신에게 해당되는 항목에 응답해 주십시오.,나는 우리 동네 사람들 대부분을 알고 있다 / 미세먼지,1,전혀 그렇지 않다
PCOM1A02,귀하가 동네와 동네 사람들을 어떻게 생각하는지에 대한 질문입니다. 다음 각 문항에 대하여 자신에게 해당되는 항목에 응답해 주십시오.,나는 거리에서 우리 동네 사람을 만나면 인사를 한다 / 미세먼지,1,전혀 그렇지 않다
PCOM1A03,귀하가 동네와 동네 사람들을 어떻게 생각하는지에 대한 질문입니다. 다음 각 문항에 대하여 자신에게 해당되는 항목에 응답해 주십시오.,우리 동네에서는 이웃끼리 서로 경계한다 / 미세먼지,1,전혀 그렇지 않다
PCOM1A04,귀하가 동네와 동네 사람들을 어떻게 생각하는지에 대한 질문입니다. 다음 각 문항에 대하여 자신에게 해당되는 항목에 응답해 주십시오.,나는 우리 동네가 안전하다고 느낀다 / 미세먼지,1,전혀 그렇지 않다
PCOM1A05,귀하가 동네와 동네 사람들을 어떻게 생각하는지에 대한 질문입니다. 다음 각 문항에 대하여 자신에게 해당되는 항목에 응답해 주십시오.,나는 우리 동네 사람들과 지내는 것이 좋다 / 미세먼지,1,전혀 그렇지 않다
PCOM1A06,귀하가 동네와 동네 사람들을 어떻게 생각하는지에 대한 질문입니다. 다음 각 문항에 대하여 자신에게 해당되는 항목에 응답해 주십시오.,나는 우리 동네에서 계속 살고 싶다 / 미세먼지,1,전혀 그렇지 않다
PCOM2A01,귀하는 다음에 예시한 것과 같은 행동들을 할 의사가 있습니까? 다음 각 문항에 대하여 자신에게 해당되는 항목에 응답해 주십시오.,주변에 어려움에 처해 있는 친구가 있다면 적극적으로 도울 수 있다 / 미세먼지,1,전혀 그렇지 않다
PCOM2A02,귀하는 다음에 예시한 것과 같은 행동들을 할 의사가 있습니까? 다음 각 문항에 대하여 자신에게 해당되는 항목에 응답해 주십시오.,공휴일에 쉬지 못하더라도 복지기관에서 자원봉사 활동을 할 수 있다 / 미세먼지,1,전혀 그렇지 않다
PCOM2A03,귀하는 다음에 예시한 것과 같은 행동들을 할 의사가 있습니까? 다음 각 문항에 대하여 자신에게 해당되는 항목에 응답해 주십시오.,우리나라보다 경제적으로 어려운 나라를 돕기 위해 기부금을 낼 수 있다 / 미세먼지,1,전혀 그렇지 않다
PCOM2A04,귀하는 다음에 예시한 것과 같은 행동들을 할 의사가 있습니까? 다음 각 문항에 대하여 자신에게 해당되는 항목에 응답해 주십시오.,"지구를 보호하기 위해 물자절약, 쓰레기 분리수거, 재활용 등에 적극적으로 참여 할 수 있다 / 미세먼지",1,전혀 그렇지 않다
PCOM3A01,귀하는 자신과 문화적 배경이 다른 사람들에 대해 어떻게 생각하고 있습니까? 다음 각 문항에 대하여 자신에게 해당되는 항목에 응답해 주십시오. (직장에 다닌 적이 없는 경우에는 그러한 상황을 가정하고 응답해 주십시오.),문화적 배경이 다른 사람이 나의 직장 동료가 되는 것을 받아 들일 수 있다 / 미세먼지,1,전혀 그렇지 않다
PCOM3A02,귀하는 자신과 문화적 배경이 다른 사람들에 대해 어떻게 생각하고 있습니까? 다음 각 문항에 대하여 자신에게 해당되는 항목에 응답해 주십시오. (직장에 다닌 적이 없는 경우에는 그러한 상황을 가정하고 응답해 주십시오.),문화적 배경이 다른 사람이 나의 직장 상사가 되는 것을 받아 들일 수 있다 / 미세먼지,1,전혀 그렇지 않다
PCOM3A03,귀하는 자신과 문화적 배경이 다른 사람들에 대해 어떻게 생각하고 있습니까? 다음 각 문항에 대하여 자신에게 해당되는 항목에 응답해 주십시오. (직장에 다닌 적이 없는 경우에는 그러한 상황을 가정하고 응답해 주십시오.),문화적 배경이 다른 사람이 나의 친구가 되는 것을 받아 들일 수 있다 / 미세먼지,1,전혀 그렇지 않다
PCOM3A04,귀하는 자신과 문화적 배경이 다른 사람들에 대해 어떻게 생각하고 있습니까? 다음 각 문항에 대하여 자신에게 해당되는 항목에 응답해 주십시오. (직장에 다닌 적이 없는 경우에는 그러한 상황을 가정하고 응답해 주십시오.),문화적 배경이 다른 학생이 자녀와 같은 반 학생이 되는 것을 받아 들일 수 있다 / 미세먼지,1,전혀 그렇지 않다
PCOM3A05,귀하는 자신과 문화적 배경이 다른 사람들에 대해 어떻게 생각하고 있습니까? 다음 각 문항에 대하여 자신에게 해당되는 항목에 응답해 주십시오. (직장에 다닌 적이 없는 경우에는 그러한 상황을 가정하고 응답해 주십시오.),문화적 배경이 다른 학생이 자녀의 친구가 되는 것을 받아 들일 수 있다 / 미세먼지,1,전혀 그렇지 않다
PFFA1B01,귀하는 조사에 참여하는 청소년(자녀 또는 피양육자)의 결혼에 대해 어떻게 생각하십니까?,문화적 배경이 다른 학생이 자녀의 친구가 되는 것을 받아 들일 수 있다 / 미세먼지,1,하지 말아야 한다
PFFA1B02,귀하는 조사에 참여하는 청소년(자녀 또는 피양육자)이 아이를 낳는 것에 대해 어떻게 생각하십니까?,문화적 배경이 다른 학생이 자녀의 친구가 되는 것을 받아 들일 수 있다 / 미세먼지,1,낳지 말아야 한다
PFFA1A01,귀하는 결혼에 대해 어떻게 생각하십니까?,문화적 배경이 다른 학생이 자녀의 친구가 되는 것을 받아 들일 수 있다 / 미세먼지,1,하지 말아야 한다
PFFA1A02,귀하는 아이를 낳는 것에 대해 어떻게 생각하십니까?,문화적 배경이 다른 학생이 자녀의 친구가 되는 것을 받아 들일 수 있다 / 미세먼지,1,낳지 말아야 한다
PMCQ1A01,이번에 하실 응답은 다른 두 시점에 얼마의 돈을 받을 수 있을 때 어느 쪽을 선택할지에 대한 것입니다.,"다음 주 목요일에 4,000원을 받는 것과 다음 주 목요일로부터 4주 뒤 목요일에 4,500원을 받는 것 중 어느 쪽을 선택하시겠습니까? / 미세먼지",1,"다음 주 목요일(4,000원)"
PMCQ1A02,이번에 하실 응답은 다른 두 시점에 얼마의 돈을 받을 수 있을 때 어느 쪽을 선택할지에 대한 것입니다.,"다음 주 목요일에 4,000원을 받는 것과 다음 주 목요일로부터 4주 뒤 목요일에 5,500원을 받는 것 중 어느 쪽을 선택하시겠습니까? / 미세먼지",1,"다음 주 목요일(4,000원)"
PMCQ1A03,이번에 하실 응답은 다른 두 시점에 얼마의 돈을 받을 수 있을 때 어느 쪽을 선택할지에 대한 것입니다.,"다음 주 목요일에 4,000원을 받는 것과 다음 주 목요일로부터 4주 뒤 목요일에 6,500원을 받는 것 중 어느 쪽을 선택하시겠습니까? / 미세먼지",1,"다음 주 목요일(4,000원)"
PMCQ1A04,이번에 하실 응답은 다른 두 시점에 얼마의 돈을 받을 수 있을 때 어느 쪽을 선택할지에 대한 것입니다.,"다음 주 목요일을 기준으로 4주 뒤 목요일에 4,000원을 받는 것과 다음 주 목요일로부터 8주 뒤 목요일에 4,500원을 받는 것 중 어느 쪽을 선택하시겠습니까?  / 미세먼지",1,"다음 주 목요일로부터 4주 뒤 목요일(4,000원)"
PMCQ1A05,이번에 하실 응답은 다른 두 시점에 얼마의 돈을 받을 수 있을 때 어느 쪽을 선택할지에 대한 것입니다.,"다음 주 목요일을 기준으로 4주 뒤 목요일에 4,000원을 받는 것과 다음 주 목요일로부터 8주 뒤 목요일에 5,500원을 받는 것 중 어느 쪽을 선택하시겠습니까? / 미세먼지",1,"다음 주 목요일로부터 4주 뒤 목요일(4,000원)"
PMCQ1A06,이번에 하실 응답은 다른 두 시점에 얼마의 돈을 받을 수 있을 때 어느 쪽을 선택할지에 대한 것입니다.,"다음 주 목요일을 기준으로 4주 뒤 목요일에 4,000원을 받는 것과 다음 주 목요일로부터 8주 뒤 목요일에 6,500원을 받는 것 중 어느 쪽을 선택하시겠습니까? / 미세먼지",1,"다음 주 목요일로부터 4주 뒤 목요일(4,000원)"
PRRS1A01,자신의 성향에 대한 질문입니다. 다음 각 문항에 대하여 자신에게 해당되는 항목에 응답해 주십시오.,"무언가를 망쳤을 때, 처음에는 기분이 나쁘지만 시간이 지나면 그것을 잊을 수 있다 / 미세먼지",1,전혀 그렇지 않다
PRRS1A02,자신의 성향에 대한 질문입니다. 다음 각 문항에 대하여 자신에게 해당되는 항목에 응답해 주십시오.,내가 저지른 잘못 때문에 나 자신을 원망한다  / 미세먼지,1,전혀 그렇지 않다
PRRS1A03,자신의 성향에 대한 질문입니다. 다음 각 문항에 대하여 자신에게 해당되는 항목에 응답해 주십시오.,내가 저지른 잘못에서 교훈을 얻음으로써 잘못을 극복할 수 있다 / 미세먼지,1,전혀 그렇지 않다
PRRS1A04,자신의 성향에 대한 질문입니다. 다음 각 문항에 대하여 자신에게 해당되는 항목에 응답해 주십시오.,일을 망치면 나 자신을 용납하기가 매우 어렵다  / 미세먼지,1,전혀 그렇지 않다
PRRS1A05,자신의 성향에 대한 질문입니다. 다음 각 문항에 대하여 자신에게 해당되는 항목에 응답해 주십시오.,"시간이 지나면, 실수를 했던 나 자신을 이해할 수 있다 / 미세먼지",1,전혀 그렇지 않다
PRRS1A06,자신의 성향에 대한 질문입니다. 다음 각 문항에 대하여 자신에게 해당되는 항목에 응답해 주십시오.,"내가 느끼고, 생각하고, 말하고, 행동했던 부정적인 일들로 인해 스스로를 계속 비판한다  / 미세먼지",1,전혀 그렇지 않다
PRRS1A07,자신의 성향에 대한 질문입니다. 다음 각 문항에 대하여 자신에게 해당되는 항목에 응답해 주십시오.,"누군가 잘못된 행동을 했다고 생각하면, 계속 그 사람을 벌주려 한다 / 미세먼지",1,전혀 그렇지 않다
PRRS1A08,자신의 성향에 대한 질문입니다. 다음 각 문항에 대하여 자신에게 해당되는 항목에 응답해 주십시오.,"시간이 지나면, 과거에 실수했던 사람을 이해할 수 있다 / 미세먼지",1,전혀 그렇지 않다
PRRS1A09,자신의 성향에 대한 질문입니다. 다음 각 문항에 대하여 자신에게 해당되는 항목에 응답해 주십시오.,나에게 상처를 주었던 사람을 계속 매정하게 대한다  / 미세먼지,1,전혀 그렇지 않다
PRRS1A10,자신의 성향에 대한 질문입니다. 다음 각 문항에 대하여 자신에게 해당되는 항목에 응답해 주십시오.,"과거에 나에게 상처를 주었던 사람이라도, 결국 그 사람을 좋은 사람이라고 여길 수 있다  / 미세먼지",1,전혀 그렇지 않다
PRRS1A11,자신의 성향에 대한 질문입니다. 다음 각 문항에 대하여 자신에게 해당되는 항목에 응답해 주십시오.,"만약 어떤 사람이 나를 함부로 대한다면, 그들을 계속 나쁘게 생각할 것이다  / 미세먼지",1,전혀 그렇지 않다
PRRS1A12,자신의 성향에 대한 질문입니다. 다음 각 문항에 대하여 자신에게 해당되는 항목에 응답해 주십시오.,누군가에게 실망을 했더라도 나중에는 그것을 대수롭지 않게 여길 수 있다  / 미세먼지,1,전혀 그렇지 않다
PRRS1A13,자신의 성향에 대한 질문입니다. 다음 각 문항에 대하여 자신에게 해당되는 항목에 응답해 주십시오.,"어쩔 수 없는 이유로 무언가가 잘못되었을 때, 그것에 대한 부정적인 생각에 사로잡힌다  / 미세먼지",1,전혀 그렇지 않다
PRRS1A14,자신의 성향에 대한 질문입니다. 다음 각 문항에 대하여 자신에게 해당되는 항목에 응답해 주십시오.,시간이 지나면 인생의 나쁜 상황을 받아들일 수 있다 / 미세먼지,1,전혀 그렇지 않다
PRRS1A15,자신의 성향에 대한 질문입니다. 다음 각 문항에 대하여 자신에게 해당되는 항목에 응답해 주십시오.,"어쩔 수 없는 상황으로 인해 실망하게 될 때, 계속 부정적으로 생각한다 / 미세먼지",1,전혀 그렇지 않다
PRRS1A16,자신의 성향에 대한 질문입니다. 다음 각 문항에 대하여 자신에게 해당되는 항목에 응답해 주십시오.,살아가면서 나쁜 상황이 생기더라도 결국 그것을 받아들일 수 있다 / 미세먼지,1,전혀 그렇지 않다
PRRS1A17,자신의 성향에 대한 질문입니다. 다음 각 문항에 대하여 자신에게 해당되는 항목에 응답해 주십시오.,"그 누구의 잘못도 아닌데 부정적인 상황이 발생했다면, 그것을 받아들이기 어려울 것이다  / 미세먼지",1,전혀 그렇지 않다
PRRS1A18,자신의 성향에 대한 질문입니다. 다음 각 문항에 대하여 자신에게 해당되는 항목에 응답해 주십시오.,통제할 수 없는 나쁜 상황에 대한 부정적인 생각들을 결국에는 흘려버릴 것이다  / 미세먼지,1,전혀 그렇지 않다
