0,1,2,3,4,5,6,7,8
,한국아동·청소년패널조사 2018 성인용 변수 레이아웃,,,,,,,
,,,,,,,,
,! 시트명 변경 시 하이퍼링크가 작동하지 않음,,,,,,,
,대영역,중영역,소영역,조사항목,하위요인,변수설명,변수명,변수유무
,,,,,,,,w7
,-,-,-,-,-,ID (종단자료 연계를 위한 고유 ID),ID,Y
,-,-,-,-,-,가구 ID,HID,Y
,-,-,-,-,-,개인 ID,PID,Y
,-,-,-,-,-,학교코드,SCLID,Y
,-,-,-,-,-,온라인 조사 여부,YONLINE,
,-,-,-,-,-,횡단면_원 가중치,WEIGHTA1,Y
,-,-,-,-,-,횡단면_표준화 가중치,WEIGHTA2,Y
,-,-,-,-,-,종단면_원 가중치,WEIGHTB1,Y
,-,-,-,-,-,종단면_표준화 가중치,WEIGHTB2,Y
,-,-,-,-,-,[형제자매] 원패널과의 관계,SIBLING,Y
,-,-,-,-,-,[형제자매] 원패널과의 관계_기타,SIBLING_T,Y
,-,-,-,-,-,[형제자매] 형제자매 학년,SGRADE,Y
,-,-,-,-,-,조사 참여 여부_청소년,SURVEY1,Y
,-,-,-,-,-,조사 참여 여부_보호자,SURVEY2,Y
,-,-,-,-,-,코호트 구분,COHORT,Y
,[배경변인],-,-,-,-,시/도(학교 기준),ARA1A,Y
,[배경변인],-,-,-,-,도시규모(학교 기준),ARA2A,Y
,[배경변인],-,-,-,-,시/도(거주지 기준),ARA1B,Y
,[배경변인],-,-,-,-,고등학교 유형,SCLTYP,Y
,[배경변인],-,-,-,-,쌍둥이 여부,YTWIN,Y
,[배경변인],-,-,-,-,생년,YBRT1A,SQ1
,[배경변인],-,-,-,-,생월,YBRT1B,SQ1
,[배경변인],-,-,-,-,성별,YGENDER,SQ2
,[개인발달],[생활시간],[하루일과],[수면시간],-,평일_기상(시),YTIM1A01,문1-1-1a
,[개인발달],[생활시간],[하루일과],[수면시간],-,평일_기상(분),YTIM1A02,문1-1-1a
,[개인발달],[생활시간],[하루일과],[수면시간],-,평일_취침(시),YTIM1B01,문1-1-2a
,[개인발달],[생활시간],[하루일과],[수면시간],-,평일_취침(분),YTIM1B02,문1-1-2a
,[개인발달],[생활시간],[하루일과],[수면의 질],-,평일_수면의 질,YTIM1C01,문1-1-3a
,[개인발달],[생활시간],[하루일과],[수면시간],-,주말_기상(시),YTIM1A03,문1-1-1b
,[개인발달],[생활시간],[하루일과],[수면시간],-,주말_기상(분),YTIM1A04,문1-1-1b
,[개인발달],[생활시간],[하루일과],[수면시간],-,주말_취침(시),YTIM1B03,문1-1-2b
,[개인발달],[생활시간],[하루일과],[수면시간],-,주말_취침(분),YTIM1B04,문1-1-2b
,[개인발달],[생활시간],[하루일과],[수면의 질],-,주말_수면의 질,YTIM1C02,문1-1-3b
,[개인발달],[생활시간],[하루일과],[부모님 대화시간],-,평일_부모님 대화시간,YTIM1D01,문1-2
,[개인발달],[생활시간],[하루일과],[부모님 대화시간],-,주말_부모님 대화시간,YTIM1D02,문1-2
,[개인발달],[생활시간],[하루일과],[학습시간],-,평일_학원 및 과외 시간,YTIM1E01,문1-3
,[개인발달],[생활시간],[하루일과],[학습시간],-,주말_학원 및 과외 시간,YTIM1E02,문1-3
,[개인발달],[생활시간],[하루일과],[학습시간],-,평일_인터넷 및 TV강의 시간,YTIM1F01,문1-4
,[개인발달],[생활시간],[하루일과],[학습시간],-,주말_인터넷 및 TV강의 시간,YTIM1F02,문1-4
,[개인발달],[생활시간],[하루일과],[학습시간],-,평일_방과 후 학교,YTIM1G01,문1-5
,[개인발달],[생활시간],[하루일과],[학습시간],-,주말_방과 후 학교,YTIM1G02,문1-5
,[개인발달],[생활시간],[하루일과],[학습시간],-,평일_스스로 공부하는 시간,YTIM1H01,문1-6
,[개인발달],[생활시간],[하루일과],[학습시간],-,주말_스스로 공부하는 시간,YTIM1H02,문1-6
,[개인발달],[생활시간],[하루일과],[여가시간],-,평일_독서 시간,YTIM1I01,문1-7
,[개인발달],[생활시간],[하루일과],[여가시간],-,주말_독서 시간,YTIM1I02,문1-7
,[개인발달],[생활시간],[하루일과],[여가시간],-,평일_운동 및 신체활동 시간,YTIM1J01,문1-8
,[개인발달],[생활시간],[하루일과],[여가시간],-,주말_운동 및 신체활동 시간,YTIM1J02,문1-8
,[개인발달],[생활시간],[하루일과],[여가시간],-,평일_스마트폰을 가지고 노는 시간,YTIM1K01,문1-9
,[개인발달],[생활시간],[하루일과],[여가시간],-,주말_스마트폰을 가지고 노는 시간,YTIM1K02,문1-9
,[개인발달],[생활시간],[하루일과],[여가시간],-,평일_컴퓨터를 가지고 노는 시간,YTIM1L01,문1-10
,[개인발달],[생활시간],[하루일과],[여가시간],-,주말_컴퓨터를 가지고 노는 시간,YTIM1L02,문1-10
,[개인발달],[생활시간],[하루일과],[여가시간],-,평일_TV를 시청하며 노는 시간,YTIM1M01,문1-11
,[개인발달],[생활시간],[하루일과],[여가시간],-,주말_TV를 시청하며 노는 시간,YTIM1M02,문1-11
,[개인발달],[생활시간],[하루일과],[여가시간],-,평일_이외에 친구들과 노는 시간,YTIM1N01,문1-12
,[개인발달],[생활시간],[하루일과],[여가시간],-,주말_이외에 친구들과 노는 시간,YTIM1N02,문1-12
,[개인발달],[지적발달],[학업성취],[전 교과 성취도의 주관적 평가],-,지난 학기 전 과목 성적 수준,YINT1A00,문42
,[개인발달],[지적발달],[학업성취],[학업성취 만족도],-,지난 학기 학교성적 만족 수준,YINT1B00,문43
,[개인발달],[지적발달],[학업태도],[학업 열의],[헌신],나는 내가 하고 있는 공부의 의미와 목적을 분명히 안다,YINT2A01,문45-1
,[개인발달],[지적발달],[학업태도],[학업 열의],[헌신],나는 공부란 도전해 볼만한 것이라고 생각한다,YINT2A02,문45-2
,[개인발달],[지적발달],[학업태도],[학업 열의],[헌신],나는 공부를 하면 뿌듯해진다,YINT2A03,문45-3
,[개인발달],[지적발달],[학업태도],[학업 열의],[헌신],나는 공부를 통해 자아실현을 할 수 있다고 생각한다,YINT2A04,문45-4
,[개인발달],[지적발달],[학업태도],[학업 열의],[활기],나는 공부할 때 힘이 나고 활기가 생긴다,YINT2A05,문45-5
,[개인발달],[지적발달],[학업태도],[학업 열의],[활기],나는 공부할 때 에너지가 생긴다,YINT2A06,문45-6
,[개인발달],[지적발달],[학업태도],[학업 열의],[활기],나는 공부할 때 정신적으로 힘이 난다,YINT2A07,문45-7
,[개인발달],[지적발달],[학업태도],[학업 열의],[활기],아침에 일어나면 수업 들으러 학교에 가고 싶다,YINT2A08,문45-8
,[개인발달],[지적발달],[학업태도],[학업 열의],[효능감],나는 공부를 잘한다,YINT2A09,문45-9
,[개인발달],[지적발달],[학업태도],[학업 열의],[효능감],나는 공부에 있어 누구에게도 뒤지지 않는다,YINT2A10,문45-10
,[개인발달],[지적발달],[학업태도],[학업 열의],[효능감],나는 공부에 자신이 있다,YINT2A11,문45-11
,[개인발달],[지적발달],[학업태도],[학업 열의],[효능감],나는 어려운 과제도 충분히 해결할 만한 능력이 있다,YINT2A12,문45-12
,[개인발달],[지적발달],[학업태도],[학업 열의],[몰두],나는 공부할 때 내 주변의 다른 모든 것을 잊어버린다,YINT2A13,문45-13
,[개인발달],[지적발달],[학업태도],[학업 열의],[몰두],나는 공부를 시작하면 푹 빠진다,YINT2A14,문45-14
,[개인발달],[지적발달],[학업태도],[학업 열의],[몰두],공부를 하다보면 나도 모르게 집중할 때가 있다,YINT2A15,문45-15
,[개인발달],[지적발달],[학업태도],[학업 열의],[몰두],나는 공부할 때 시간이 잘 간다,YINT2A16,문45-16
,[개인발달],[지적발달],[학업태도],[학업 무기력],[통제신념 결여],실력 차이를 내 힘으로 극복할 수는 없다고 생각한다,YINT2B01,문46-1
,[개인발달],[지적발달],[학업태도],[학업 무기력],[통제신념 결여],아무리 공부해도 내가 지금보다 더 잘할 수는 없다고 생각한다,YINT2B02,문46-2
,[개인발달],[지적발달],[학업태도],[학업 무기력],[통제신념 결여],내 힘으로 학업 문제를 해결할 수는 없다고 생각한다,YINT2B03,문46-3
,[개인발달],[지적발달],[학업태도],[학업 무기력],[통제신념 결여],공부를 잘하기 위하여 내가 할 수 있는 일이 없다고 생각한다,YINT2B04,문46-4
,[개인발달],[지적발달],[학업태도],[학업 무기력],[학습동기 결여],공부에 신경 쓰고 싶지 않다,YINT2B05,문46-5
,[개인발달],[지적발달],[학업태도],[학업 무기력],[학습동기 결여],공부를 왜 해야 하는지 관심도 없다,YINT2B06,문46-6
,[개인발달],[지적발달],[학업태도],[학업 무기력],[학습동기 결여],공부를 열심히 해야 하는 이유를 모르겠다,YINT2B07,문46-7
,[개인발달],[지적발달],[학업태도],[학업 무기력],[학습동기 결여],공부하고 싶은 의욕이 생기지 않는다,YINT2B08,문46-8
,[개인발달],[지적발달],[학업태도],[학업 무기력],[긍정정서 결여],공부하는 것이 즐겁지 않다,YINT2B09,문46-9
,[개인발달],[지적발달],[학업태도],[학업 무기력],[긍정정서 결여],수업을 듣거나 모둠활동을 하면서 유쾌함을 느끼지 못한다,YINT2B10,문46-10
,[개인발달],[지적발달],[학업태도],[학업 무기력],[긍정정서 결여],학교에서 생활하면서 행복함을 느끼지 못한다,YINT2B11,문46-11
,[개인발달],[지적발달],[학업태도],[학업 무기력],[긍정정서 결여],점수가 잘 나온다 해도 기쁘지 않다,YINT2B12,문46-12
,[개인발달],[지적발달],[학업태도],[학업 무기력],[능동수행 결여],시험기간이라도 공부에 전념하지 않는다,YINT2B13,문46-13
,[개인발달],[지적발달],[학업태도],[학업 무기력],[능동수행 결여],스스로 알아서 공부하지 않는다,YINT2B14,문46-14
,[개인발달],[지적발달],[학업태도],[학업 무기력],[능동수행 결여],수업에 적극적으로 참여하지 않는다,YINT2B15,문46-15
,[개인발달],[지적발달],[학업태도],[학업 무기력],[능동수행 결여],스스로 알아서 학습계획을 짜본 적이 없다,YINT2B16,문46-16
,[개인발달],[진로],[진로계획],[장래희망 교육수준],-,향후 목표하는 학업 수준,YFUR1A00,문6
,[개인발달],[진로],[진로계획],[장래직업 결정여부],-,장래 희망직업 결정 여부,YFUR1B00,문7
,[개인발달],[진로],[진로관],[진로 관련 대화 빈도],-,아버지,YFUR2A01,문8-1
,[개인발달],[진로],[진로관],[진로 관련 대화 빈도],-,어머니,YFUR2A02,문8-2
,[개인발달],[진로],[진로관],[진로 관련 대화 빈도],-,형제ㆍ자매,YFUR2A03,문8-3
,[개인발달],[진로],[진로관],[진로 관련 대화 빈도],-,친척ㆍ친지,YFUR2A04,문8-4
,[개인발달],[진로],[진로관],[진로 관련 대화 빈도],-,학교 선생님,YFUR2A05,문8-5
,[개인발달],[진로],[진로관],[진로 관련 대화 빈도],-,상담교사,YFUR2A06,문8-6
,[개인발달],[진로],[진로관],[진로 관련 대화 빈도],-,학원/과외 선생님,YFUR2A07,문8-7
,[개인발달],[진로],[진로관],[진로 관련 대화 빈도],-,기타,YFUR2A08,문8-8
,[개인발달],[진로],[진로관],[진로 관련 대화 빈도],-,기타 (적을 것),YFUR2A08_T,문8-8_T
,[개인발달],[진로],[진로적응력],[진로 관심],-,나는 내 미래의 직업에 대해 많은 관심을 두지 못하고 있는 것 같다,YFUR3A01,문9-1
,[개인발달],[진로],[진로적응력],[진로 관심],-,나는 내가 바라는 직업에 대해 별로 생각하지 않는다,YFUR3A02,문9-2
,[개인발달],[진로],[진로적응력],[진로 관심],-,나는 정말 끌리는 일을 찾지 못하겠다,YFUR3A03,문9-3
,[개인발달],[진로],[진로적응력],[진로 호기심],-,나는 직업에 필요한 요건에 대해 아는 것이 거의 없다,YFUR3B01,문9-4
,[개인발달],[진로],[진로적응력],[진로 호기심],-,나는 내가 원하는 분야의 일을 하기 위해 어떻게 시작해야 할지 모르겠다,YFUR3B02,문9-5
,[개인발달],[진로],[진로적응력],[진로 호기심],-,나는 내가 하고 싶은 일을 위해 나 자신을 준비하는데 어려움을 겪고 있다,YFUR3B03,문9-6
,[개인발달],[진로],[진로적응력],[진로 호기심],-,나는 학교에서 어떤 과목을 이수해야 할지 모르겠다,YFUR3B04,문9-7
,[개인발달],[진로],[진로적응력],[진로 호기심],-,내가 세운 직업 계획이 현실적인지 모르겠다,YFUR3B05,문9-8
,[개인발달],[진로],[진로적응력],[진로 자신감],-,사람마다 나에게 하는 말이 달라 나는 어떤 분야의 일을 선택해야 할지 모르겠다,YFUR3C01,문9-9
,[개인발달],[진로],[진로적응력],[진로 자신감],-,나는 직업 선택을 계속 바꾸고 있다,YFUR3C02,문9-10
,[개인발달],[진로],[진로적응력],[진로 자신감],-,나는 내가 뭐가 되고 싶은지에 대해 자주 공상하지만 실제로 아직 직업을 선택하지는 못했다,YFUR3C03,문9-11
,[개인발달],[진로],[진로적응력],[진로 자신감],-,직업을 선택할 때 고려해야 할 것이 너무 많아 직업을 결정하는 것이 어렵다,YFUR3C04,문9-12
,[개인발달],[진로],[진로적응력],[진로 자신감],-,사람들이 자신이 하고 싶은 일에 어떻게 그렇게 확신을 갖는지 나는 이해할 수 없다,YFUR3C05,문9-13
,[개인발달],[사회/정서/역량발달],[만족도],[삶의 만족도],-,"전반적으로 볼 때, 나의 삶은 나의 이상에 가깝다",YPSY1A01,문10-1
,[개인발달],[사회/정서/역량발달],[만족도],[삶의 만족도],-,내 삶의 상황들은 아주 좋다,YPSY1A02,문10-2
,[개인발달],[사회/정서/역량발달],[만족도],[삶의 만족도],-,나는 내 삶에 만족한다,YPSY1A03,문10-3
,[개인발달],[사회/정서/역량발달],[만족도],[삶의 만족도],-,지금까지 내 삶에서 내가 원하는 중요한 것들을 이루어 냈다,YPSY1A04,문10-4
,[개인발달],[사회/정서/역량발달],[만족도],[삶의 만족도],-,"만약 내 삶을 다시 살 수 있더라도, 나는 거의 아무것도 바꾸지 않을 것이다",YPSY1A05,문10-5
,[개인발달],[사회/정서/역량발달],[행복],[행복감],-,전반적으로 나는 …,YPSY2A01,문11a-1
,[개인발달],[사회/정서/역량발달],[행복],[행복감],-,다른 사람과 비교했을 때 나는 …,YPSY2A02,문11a-2
,[개인발달],[사회/정서/역량발달],[행복],[행복감],-,전반적으로 아주 행복한 사람들이 있다. 나는 …,YPSY2A03,문11b-1
,[개인발달],[사회/정서/역량발달],[행복],[행복감],-,전반적으로 아주 불행한 사람들이 있다. 나는 …,YPSY2A04,문11b-2
,[개인발달],[사회/정서/역량발달],[자아인식],[자아존중감],-,나는 나에게 만족한다,YPSY3A01,문12-1
,[개인발달],[사회/정서/역량발달],[자아인식],[자아존중감],-,때때로 나는 내가 어디에도 소용없는 사람이라고 생각한다,YPSY3A02,문12-2
,[개인발달],[사회/정서/역량발달],[자아인식],[자아존중감],-,나는 내가 장점이 많다고 느낀다,YPSY3A03,문12-3
,[개인발달],[사회/정서/역량발달],[자아인식],[자아존중감],-,나는 내가 적어도 다른 사람만큼 가치 있는 사람이라고 느낀다,YPSY3A04,문12-4
,[개인발달],[사회/정서/역량발달],[자아인식],[자아존중감],-,나는 내가 자랑스러워할 만한 것이 별로 없다고 느낀다,YPSY3A05,문12-5
,[개인발달],[사회/정서/역량발달],[자아인식],[자아존중감],-,때때로 나는 내가 쓸모없는 존재로 느껴진다,YPSY3A06,문12-6
,[개인발달],[사회/정서/역량발달],[자아인식],[자아존중감],-,나는 남들만큼의 일은 할 수 있다,YPSY3A07,문12-7
,[개인발달],[사회/정서/역량발달],[자아인식],[자아존중감],-,나는 나를 좀 더 존중할 수 있었으면 좋겠다,YPSY3A08,문12-8
,[개인발달],[사회/정서/역량발달],[자아인식],[자아존중감],-,나는 내가 실패자라고 느끼는 경향이 있다,YPSY3A09,문12-9
,[개인발달],[사회/정서/역량발달],[자아인식],[자아존중감],-,나는 나에 대해 긍정적인 태도를 지니고 있다,YPSY3A10,문12-10
,[개인발달],[사회/정서/역량발달],[정서문제],[주의집중],-,칭찬을 받거나 벌을 받아도 금방 다시 주의가 산만해진다,YPSY4A01,문13-1
,[개인발달],[사회/정서/역량발달],[정서문제],[주의집중],-,문제를 풀 때 문제를 끝까지 읽지 않는 편이다,YPSY4A02,문13-2
,[개인발달],[사회/정서/역량발달],[정서문제],[주의집중],-,오랫동안 집중해야 하는 과제는 하고 싶지 않다,YPSY4A03,문13-3
,[개인발달],[사회/정서/역량발달],[정서문제],[주의집중],-,연필이나 지우개 등 학용품을 잘 잃어버린다,YPSY4A04,문13-4
,[개인발달],[사회/정서/역량발달],[정서문제],[주의집중],-,주의를 기울이지 않아서 실수를 하거나 사고를 낸다,YPSY4A05,문13-5
,[개인발달],[사회/정서/역량발달],[정서문제],[주의집중],-,공부할 때 차분하게 앉아 있기 힘들다,YPSY4A06,문13-6
,[개인발달],[사회/정서/역량발달],[정서문제],[주의집중],-,글자를 잘 빠뜨리고 쓰는 편이다,YPSY4A07,문13-7
,[개인발달],[사회/정서/역량발달],[정서문제],[공격성],-,작은 일에도 트집을 잡을 때가 있다,YPSY4B01,문13-8
,[개인발달],[사회/정서/역량발달],[정서문제],[공격성],-,남이 하는 일을 방해할 때가 있다,YPSY4B02,문13-9
,[개인발달],[사회/정서/역량발달],[정서문제],[공격성],-,내가 원하는 것을 못하게 하면 따지거나 덤빈다,YPSY4B03,문13-10
,[개인발달],[사회/정서/역량발달],[정서문제],[공격성],-,별 것 아닌 일로 싸우곤 한다,YPSY4B04,문13-11
,[개인발달],[사회/정서/역량발달],[정서문제],[공격성],-,하루 종일 화가 날 때가 있다,YPSY4B05,문13-12
,[개인발달],[사회/정서/역량발달],[정서문제],[공격성],-,아무 이유 없이 울 때가 있다,YPSY4B06,문13-13
,[개인발달],[사회/정서/역량발달],[정서문제],[신체증상],-,깊이 잠들지 못하고 자다가 잠에서 깨곤 한다,YPSY4C01,문13-14
,[개인발달],[사회/정서/역량발달],[정서문제],[신체증상],-,머리가 자주 아프다,YPSY4C02,문13-15
,[개인발달],[사회/정서/역량발달],[정서문제],[신체증상],-,속이 자주 메슥거린다,YPSY4C03,문13-16
,[개인발달],[사회/정서/역량발달],[정서문제],[신체증상],-,공부를 하면 배가 아플 때가 있다,YPSY4C04,문13-17
,[개인발달],[사회/정서/역량발달],[정서문제],[신체증상],-,입맛이 없을 때가 있다,YPSY4C05,문13-18
,[개인발달],[사회/정서/역량발달],[정서문제],[신체증상],-,자주 피곤하다,YPSY4C06,문13-19
,[개인발달],[사회/정서/역량발달],[정서문제],[신체증상],-,숨쉬기 어려울 때가 있다,YPSY4C07,문13-20
,[개인발달],[사회/정서/역량발달],[정서문제],[신체증상],-,자주 열이 나는 것처럼 느껴진다,YPSY4C08,문13-21
,[개인발달],[사회/정서/역량발달],[정서문제],[사회적 위축],-,주위에 사람들이 많으면 어색하다,YPSY4D01,문13-22
,[개인발달],[사회/정서/역량발달],[정서문제],[사회적 위축],-,부끄럼을 많이 탄다,YPSY4D02,문13-23
,[개인발달],[사회/정서/역량발달],[정서문제],[사회적 위축],-,다른 사람들에게 내 의견을 분명하게 말하기 어렵다,YPSY4D03,문13-24
,[개인발달],[사회/정서/역량발달],[정서문제],[사회적 위축],-,수줍어한다,YPSY4D04,문13-25
,[개인발달],[사회/정서/역량발달],[정서문제],[사회적 위축],-,사람들 앞에 나서기를 싫어한다,YPSY4D05,문13-26
,[개인발달],[사회/정서/역량발달],[정서문제],[우울],-,기운이 별로 없다,YPSY4E01,문13-27
,[개인발달],[사회/정서/역량발달],[정서문제],[우울],-,불행하다고 생각하거나 슬퍼하고 우울해한다,YPSY4E02,문13-28
,[개인발달],[사회/정서/역량발달],[정서문제],[우울],-,걱정이 많다,YPSY4E03,문13-29
,[개인발달],[사회/정서/역량발달],[정서문제],[우울],-,죽고 싶은 생각이 든다,YPSY4E04,문13-30
,[개인발달],[사회/정서/역량발달],[정서문제],[우울],-,울기를 잘한다,YPSY4E05,문13-31
,[개인발달],[사회/정서/역량발달],[정서문제],[우울],-,어떤 일이 잘못 되었을 때 나 때문이라는 생각을 자주 한다,YPSY4E06,문13-32
,[개인발달],[사회/정서/역량발달],[정서문제],[우울],-,외롭다,YPSY4E07,문13-33
,[개인발달],[사회/정서/역량발달],[정서문제],[우울],-,모든 일에 관심과 흥미가 없다,YPSY4E08,문13-34
,[개인발달],[사회/정서/역량발달],[정서문제],[우울],-,장래가 희망적이지 않은 것 같다,YPSY4E09,문13-35
,[개인발달],[사회/정서/역량발달],[정서문제],[우울],-,모든 일이 힘들다,YPSY4E10,문13-36
,[개인발달],[사회/정서/역량발달],[협동의식],[협동심],[집단촉진],"그룹활동을 할 때, 친구의 장점이나 능력을 적극적으로 알려준다",YPSY5A01,문14-1
,[개인발달],[사회/정서/역량발달],[협동의식],[협동심],[집단촉진],"그룹활동을 할 때, 친구가 어려워하면 기꺼이 돕는다",YPSY5A02,문14-2
,[개인발달],[사회/정서/역량발달],[협동의식],[협동심],[집단촉진],"그룹활동을 할 때, 친구들이 의견을 자유롭게 이야기하도록 분위기를 조성한다",YPSY5A03,문14-3
,[개인발달],[사회/정서/역량발달],[협동의식],[협동심],[집단촉진],"그룹활동을 할 때, 활용할 수 있는 새로운 방법을 제시한다",YPSY5A04,문14-4
,[개인발달],[사회/정서/역량발달],[협동의식],[협동심],[집단촉진],그룹에서 하고있는 활동이 의미있는 일이라는 것을 친구에게 이야기 한다,YPSY5A05,문14-5
,[개인발달],[사회/정서/역량발달],[협동의식],[협동심],[집단촉진],"그룹활동을 할 때, 친구가 다양한 관점에서 생각할 수 있도록 도와준다",YPSY5A06,문14-6
,[개인발달],[사회/정서/역량발달],[협동의식],[협동심],[팔로워십],"그룹활동을 할 때, 나의 역할에 최선을 다한다",YPSY5A07,문14-7
,[개인발달],[사회/정서/역량발달],[협동의식],[협동심],[팔로워십],그룹의 리더가 아니더라도 맡은 일보다 많은 일을 하여 그룹활동에 도움이 되고자 한다,YPSY5A08,문14-8
,[개인발달],[사회/정서/역량발달],[협동의식],[협동심],[팔로워십],내가 속한 그룹에서 가치 있는 사람이 되기위해 능력을 최대한 발휘한다,YPSY5A09,문14-9
,[개인발달],[사회/정서/역량발달],[협동의식],[협동심],[갈등문제해결],그룹에서 발생한 문제와 관련된 지식이나 정보를 친구들과 공유한다,YPSY5A10,문14-10
,[개인발달],[사회/정서/역량발달],[협동의식],[협동심],[갈등문제해결],그룹의 문제해결을 위한 구체적인 계획이나 내용을 친구들과 공유한다,YPSY5A11,문14-11
,[개인발달],[사회/정서/역량발달],[협동의식],[협동심],[갈등문제해결],그룹에서 발생한 문제를 친구들과 자주 이야기 한다,YPSY5A12,문14-12
,[개인발달],[사회/정서/역량발달],[협동의식],[협동심],[갈등문제해결],"그룹활동을 할 때, 중요한 사항이나 문제점이 생기면 친구들과 함께 해결한다",YPSY5A13,문14-13
,[개인발달],[사회/정서/역량발달],[협동의식],[협동심],[갈등문제해결],그룹에서 발생한 문제에 대해 잘잘못을 따지기 보다는 해결하려고 노력한다,YPSY5A14,문14-14
,[개인발달],[사회/정서/역량발달],[창의성],[창의적 성격],-,유능한,YPSY6A01,문15
,[개인발달],[사회/정서/역량발달],[창의성],[창의적 성격],-,매력적인,YPSY6A02,문15
,[개인발달],[사회/정서/역량발달],[창의성],[창의적 성격],-,영리한,YPSY6A03,문15
,[개인발달],[사회/정서/역량발달],[창의성],[창의적 성격],-,속물의,YPSY6A04,문15
,[개인발달],[사회/정서/역량발달],[창의성],[창의적 성격],-,확신에 찬,YPSY6A05,문15
,[개인발달],[사회/정서/역량발달],[창의성],[창의적 성격],-,인습에 얽매이지 않는,YPSY6A06,문15
,[개인발달],[사회/정서/역량발달],[창의성],[창의적 성격],-,자화자찬의,YPSY6A07,문15
,[개인발달],[사회/정서/역량발달],[창의성],[창의적 성격],-,가식적인,YPSY6A08,문15
,[개인발달],[사회/정서/역량발달],[창의성],[창의적 성격],-,유머감각이 있는,YPSY6A09,문15
,[개인발달],[사회/정서/역량발달],[창의성],[창의적 성격],-,매사에 조심스러운,YPSY6A10,문15
,[개인발달],[사회/정서/역량발달],[창의성],[창의적 성격],-,개인주의적인,YPSY6A11,문15
,[개인발달],[사회/정서/역량발달],[창의성],[창의적 성격],-,평범한,YPSY6A12,문15
,[개인발달],[사회/정서/역량발달],[창의성],[창의적 성격],-,격식을 차리지 않는,YPSY6A13,문15
,[개인발달],[사회/정서/역량발달],[창의성],[창의적 성격],-,보수적인,YPSY6A14,문15
,[개인발달],[사회/정서/역량발달],[창의성],[창의적 성격],-,통찰력이 있는,YPSY6A15,문15
,[개인발달],[사회/정서/역량발달],[창의성],[창의적 성격],-,관습적인,YPSY6A16,문15
,[개인발달],[사회/정서/역량발달],[창의성],[창의적 성격],-,지적인,YPSY6A17,문15
,[개인발달],[사회/정서/역량발달],[창의성],[창의적 성격],-,불만에 찬,YPSY6A18,문15
,[개인발달],[사회/정서/역량발달],[창의성],[창의적 성격],-,관심이 다양한,YPSY6A19,문15
,[개인발달],[사회/정서/역량발달],[창의성],[창의적 성격],-,정직한,YPSY6A20,문15
,[개인발달],[사회/정서/역량발달],[창의성],[창의적 성격],-,발명의 재능이 있는,YPSY6A21,문15
,[개인발달],[사회/정서/역량발달],[창의성],[창의적 성격],-,관심의 폭이 좁은,YPSY6A22,문15
,[개인발달],[사회/정서/역량발달],[창의성],[창의적 성격],-,독창적인,YPSY6A23,문15
,[개인발달],[사회/정서/역량발달],[창의성],[창의적 성격],-,예의바른,YPSY6A24,문15
,[개인발달],[사회/정서/역량발달],[창의성],[창의적 성격],-,심사숙고하는,YPSY6A25,문15
,[개인발달],[사회/정서/역량발달],[창의성],[창의적 성격],-,진실한,YPSY6A26,문15
,[개인발달],[사회/정서/역량발달],[창의성],[창의적 성격],-,"기지가 있는 (재치있는, 임기응변의)",YPSY6A27,문15
,[개인발달],[사회/정서/역량발달],[창의성],[창의적 성격],-,순종하는,YPSY6A28,문15
,[개인발달],[사회/정서/역량발달],[창의성],[창의적 성격],-,자신감이 넘치는,YPSY6A29,문15
,[개인발달],[사회/정서/역량발달],[창의성],[창의적 성격],-,의심이 많은,YPSY6A30,문15
,[개인발달],[사회/정서/역량발달],[창의성],[창의적 성격],-,창의적 성격 점수,YPSY6Asc,
,[개인발달],[사회/정서/역량발달],[끈기],[그릿(Grit)],-,나는 무엇을 하다가 다른 생각이 나면 집중하기가 어렵다,YPSY7A01,문16-1
,[개인발달],[사회/정서/역량발달],[끈기],[그릿(Grit)],-,"나는 문제를 해결하다가 어려움이 생겼을 때 크게 좌절하지 않으며, 다른 사람들보다 빨리 좌절에서 벗어난다",YPSY7A02,문16-2
,[개인발달],[사회/정서/역량발달],[끈기],[그릿(Grit)],-,나는 어떤 문제에 잠깐 집중하다가 곧 흥미를 잃은 적이 있다,YPSY7A03,문16-3
,[개인발달],[사회/정서/역량발달],[끈기],[그릿(Grit)],-,나는 노력가이다,YPSY7A04,문16-4
,[개인발달],[사회/정서/역량발달],[끈기],[그릿(Grit)],-,나는 자주 목표를 세우지만 그것을 이루기 전에 다른 목표를 세우고는 한다,YPSY7A05,문16-5
,[개인발달],[사회/정서/역량발달],[끈기],[그릿(Grit)],-,나는 무엇을 완성하는데 시간이 오래 걸리면 계속 열심히 하는 것이 어렵다,YPSY7A06,문16-6
,[개인발달],[사회/정서/역량발달],[끈기],[그릿(Grit)],-,나는 시작하면 무조건 끝낸다,YPSY7A07,문16-7
,[개인발달],[사회/정서/역량발달],[끈기],[그릿(Grit)],-,나는 부지런하다,YPSY7A08,문16-8
,[개인발달],[비행],[비행Ⅰ],[현실비행 경험 유무 및 빈도],-,담배 피우기,YDLQ1A01,문21-1
,[개인발달],[비행],[비행Ⅰ],[현실비행 경험 유무 및 빈도],-,술 마시기,YDLQ1A02,문21-2
,[개인발달],[비행],[비행Ⅰ],[현실비행 경험 유무 및 빈도],-,무단결석,YDLQ1A03,문21-3
,[개인발달],[비행],[비행Ⅰ],[현실비행 경험 유무 및 빈도],-,가출,YDLQ1A04,문21-4
,[개인발달],[비행],[비행Ⅰ],[현실비행 경험 유무 및 빈도],-,다른 사람 심하게 놀리거나 조롱하기,YDLQ1A05,문21-5
,[개인발달],[비행],[비행Ⅰ],[현실비행 경험 유무 및 빈도],-,다른 사람 집단따돌림(왕따) 시키기,YDLQ1A06,문21-6
,[개인발달],[비행],[비행Ⅰ],[현실비행 경험 유무 및 빈도],-,패싸움,YDLQ1A07,문21-7
,[개인발달],[비행],[비행Ⅰ],[현실비행 경험 유무 및 빈도],-,다른 사람 심하게 때리기,YDLQ1A08,문21-8
,[개인발달],[비행],[비행Ⅰ],[현실비행 경험 유무 및 빈도],-,다른 사람 협박하기,YDLQ1A09,문21-9
,[개인발달],[비행],[비행Ⅰ],[현실비행 경험 유무 및 빈도],-,다른 사람 돈이나 물건 뺏기(삥뜯기),YDLQ1A10,문21-10
,[개인발달],[비행],[비행Ⅰ],[현실비행 경험 유무 및 빈도],-,다른 사람 돈이나 물건 훔치기,YDLQ1A11,문21-11
,[개인발달],[비행],[비행Ⅰ],[현실비행 경험 유무 및 빈도],-,성관계,YDLQ1A12,문21-12
,[개인발달],[비행],[비행Ⅰ],[현실비행 경험 유무 및 빈도],-,성폭행이나 성희롱,YDLQ1A13,문21-13
,[개인발달],[비행],[비행Ⅰ],[현실비행 경험 유무 및 빈도],-,돈을 걸고 도박하기,YDLQ1A14,문21-14
,[개인발달],[비행],[비행Ⅰ],[현실비행 경험 유무 및 빈도],-,심한 욕설과 폭언,YDLQ1A15,문21-15
,[개인발달],[비행],[비행Ⅱ],[사이버비행 경험 유무 및 빈도],-,누군가에게 욕이나 험한 말을 직접 보낸 적이 있다,YDLQ2A01,문22-1
,[개인발달],[비행],[비행Ⅱ],[사이버비행 경험 유무 및 빈도],-,누군가에 대한 욕이나 나쁜 소문을 다른 사람들에게 퍼뜨린 적이 있다,YDLQ2A02,문22-2
,[개인발달],[비행],[비행Ⅱ],[사이버비행 경험 유무 및 빈도],-,"상대방이 싫다는데 계속해서 말, 글, 그림 등을 보내 스토킹 한 적이 있다",YDLQ2A03,문22-3
,[개인발달],[비행],[비행Ⅱ],[사이버비행 경험 유무 및 빈도],-,"당사자가 원치 않는 사진, 엽사, 이미지, 동영상을 보내거나 몰래 다른 사람들에게 전달한 적이 있다",YDLQ2A04,문22-4
,[개인발달],[비행],[비행Ⅱ],[사이버비행 경험 유무 및 빈도],-,다른 사람 아이디를 도용해 가짜 계정을 만들거나 사이버상에서 그 사람인 것처럼 행동한 적이 있다,YDLQ2A05,문22-5
,[개인발달],[비행],[비행Ⅱ],[사이버비행 경험 유무 및 빈도],-,"누군가의 개인정보(이름, 나이, 학교, 전화번호 등)를 인터넷에 올리는 신상털기를 한 적이 있다",YDLQ2A06,문22-6
,[개인발달],[비행],[비행Ⅱ],[사이버비행 경험 유무 및 빈도],-,"게임머니, 게임아이템, 사이버머니, 돈을 뺏은 적이 있다",YDLQ2A07,문22-7
,[개인발달],[비행],[비행Ⅱ],[사이버비행 경험 유무 및 빈도],-,와이파이 셔틀이나 핫스팟 셔틀(데이터를 무료로 제공하게 시키는 것)을 시킨 적이 있다,YDLQ2A08,문22-8
,[개인발달],[비행],[비행Ⅱ],[사이버비행 경험 유무 및 빈도],-,"상대방이 원하지 않는 성적인 글이나 말, 야한 사진, 동영상 등을 보낸 적이 있다",YDLQ2A09,문22-9
,[개인발달],[비행],[비행Ⅱ],[사이버비행 경험 유무 및 빈도],-,인터넷 대화방에서 누군가를 퇴장하지 못하도록 하거나 싫다는데 반복적으로 초대한 적이 있다,YDLQ2A10,문22-10
,[개인발달],[비행],[비행Ⅱ],[사이버비행 경험 유무 및 빈도],-,일부러 시비를 걸어 상대방이 먼저 욕하게 하거나 성격에 문제있어 보이게 유도한 적이 있다,YDLQ2A11,문22-11
,[개인발달],[비행],[비행Ⅱ],[사이버비행 경험 유무 및 빈도],-,스마트폰 등을 이용해 상대방이 원하지 않는 행동을 시키거나 (담배)심부름을 시킨 적이 있다,YDLQ2A12,문22-12
,[개인발달],[비행],[비행Ⅱ],[사이버비행 경험 유무 및 빈도],-,누군가를 괴롭힐 목적으로 저격글을 올려 여러 사람이 볼 수 있게 한 적이 있다,YDLQ2A13,문22-13
,[개인발달],[비행],[비행Ⅱ],[사이버비행 경험 유무 및 빈도],-,사이버 상에서 누군가를 집중공격을 한 적이 있다,YDLQ2A14,문22-14
,[개인발달],[비행],[비행Ⅱ],[사이버비행 경험 유무 및 빈도],-,대화방에 일부러 상대방을 초대하지 않거나 댓글이나 말을 무시한 적이 있다,YDLQ2A15,문22-15
,[개인발달],[신체발달],[건강],[건강상태],-,건강상태 평가,YPHY1A00,문23
,[개인발달],[신체발달],[건강],[운동시간],-,지난 일주일 간 땀이 날 정도로 운동한 시간,YPHY1B00,문24
,[개인발달],[신체발달],[건강],[아침식사 횟수],-,지난 일주일 간 아침식사를 한 날,YPHY1C00,문25
,[개인발달],[신체발달],[신체],[키],-,키,YPHY2A00,문26
,[개인발달],[신체발달],[신체],[몸무게],-,몸무게,YPHY2B00,문26
,[개인발달],[신체발달],[신체],[몽정/생리],-,몽정/생리 시작 시기,YPHY2C00,문27
,[발달환경],[매체],[스마트폰],[사용 여부],-,스마트폰 사용 여부,YMDA1A00,문2
,[발달환경],[매체],[스마트폰],[사용 목적별 빈도],-,가족과의 통화,YMDA1B01,문2-1-1
,[발달환경],[매체],[스마트폰],[사용 목적별 빈도],-,가족과의 문자 메시지,YMDA1B02,문2-1-2
,[발달환경],[매체],[스마트폰],[사용 목적별 빈도],-,친구와의 통화,YMDA1B03,문2-1-3
,[발달환경],[매체],[스마트폰],[사용 목적별 빈도],-,친구와의 문자 메시지,YMDA1B04,문2-1-4
,[발달환경],[매체],[스마트폰],[사용 목적별 빈도],-,SNS 이용,YMDA1B05,문2-1-5
,[발달환경],[매체],[스마트폰],[사용 목적별 빈도],-,게임,YMDA1B06,문2-1-6
,[발달환경],[매체],[스마트폰],[사용 목적별 빈도],-,사진/동영상 촬영,YMDA1B07,문2-1-7
,[발달환경],[매체],[스마트폰],[사용 목적별 빈도],-,TV 및 동영상 시청,YMDA1B08,문2-1-8
,[발달환경],[매체],[스마트폰],[사용 목적별 빈도],-,음악 감상,YMDA1B09,문2-1-9
,[발달환경],[매체],[스마트폰],[사용 목적별 빈도],-,정보 검색,YMDA1B10,문2-1-10
,[발달환경],[매체],[스마트폰],[사용 목적별 빈도],-,문서 보기,YMDA1B11,문2-1-11
,[발달환경],[매체],[스마트폰],[사용 목적별 빈도],-,학업 또는 업무 관련,YMDA1B12,문2-1-12
,[발달환경],[매체],[스마트폰],[사용 목적별 빈도],-,기타,YMDA1B13,문2-1-13
,[발달환경],[매체],[스마트폰],[사용 목적별 빈도],-,기타 (구체적으로),YMDA1B13_T,문2-1-13_T
,[발달환경],[매체],[스마트폰],[의존도],[일상생활 장애],스마트폰의 지나친 사용으로 학교성적이 떨어진다,YMDA1C01,문2-2-1
,[발달환경],[매체],[스마트폰],[의존도],[일상생활 장애],수시로 스마트폰을 사용하다가 지적을 받은 적이 있다,YMDA1C02,문2-2-2
,[발달환경],[매체],[스마트폰],[의존도],[일상생활 장애],스마트폰을 너무 자주 또는 오래한다고 가족이나 친구들로부터 불평을 들은 적이 있다,YMDA1C03,문2-2-3
,[발달환경],[매체],[스마트폰],[의존도],[일상생활 장애],스마트폰을 사용하느라 지금 하고 있는 일(공부)에 집중이 안 된 적이 있다,YMDA1C04,문2-2-4
,[발달환경],[매체],[스마트폰],[의존도],[일상생활 장애],스마트폰 사용이 지금 하고 있는 일(공부)에 방해가 되지 않는다,YMDA1C05,문2-2-5
,[발달환경],[매체],[스마트폰],[의존도],[가상세계 지향성],스마트폰을 사용하지 못하면 온 세상을 잃은 것 같은 생각이 든다,YMDA1C06,문2-2-6
,[발달환경],[매체],[스마트폰],[의존도],[가상세계 지향성],가족이나 친구들과 함께 있는 것보다 스마트폰을 사용하고 있는 것이 더 즐겁다,YMDA1C07,문2-2-7
,[발달환경],[매체],[스마트폰],[의존도],[금단],스마트폰을 사용할 수 없게 된다면 견디기 힘들 것이다,YMDA1C08,문2-2-8
,[발달환경],[매체],[스마트폰],[의존도],[금단],스마트폰이 없으면 안절부절 못하고 초조해진다,YMDA1C09,문2-2-9
,[발달환경],[매체],[스마트폰],[의존도],[금단],스마트폰이 없어도 불안하지 않다,YMDA1C10,문2-2-10
,[발달환경],[매체],[스마트폰],[의존도],[금단],"스마트폰이 옆에 없으면, 하루 종일 일(공부)이 손에 안 잡힌다",YMDA1C11,문2-2-11
,[발달환경],[매체],[스마트폰],[의존도],[내성],스마트폰 사용시간을 줄이려고 해보았지만 실패한다,YMDA1C12,문2-2-12
,[발달환경],[매체],[스마트폰],[의존도],[내성],스마트폰을 사용할 때 그만해야지 라고 생각은 하면서도 계속한다,YMDA1C13,문2-2-13
,[발달환경],[매체],[스마트폰],[의존도],[내성],스마트폰 사용에 많은 시간을 보내는 것이 습관화되었다,YMDA1C14,문2-2-14
,[발달환경],[매체],[스마트폰],[의존도],[내성],스마트폰 사용에 많은 시간을 보내지 않는다,YMDA1C15,문2-2-15
,[발달환경],[활동/문화환경],[청소년 활동],[연간 참여 횟수],-,문화예술 활동,YACT1A01,문3a-1
,[발달환경],[활동/문화환경],[청소년 활동],[연간 참여 횟수],-,과학정보 활동,YACT1A02,문3a-2
,[발달환경],[활동/문화환경],[청소년 활동],[연간 참여 횟수],-,모험개척 활동,YACT1A03,문3a-3
,[발달환경],[활동/문화환경],[청소년 활동],[연간 참여 횟수],-,자원봉사 활동,YACT1A04,문3a-4
,[발달환경],[활동/문화환경],[청소년 활동],[연간 참여 횟수],-,직업진로 활동,YACT1A05,문3a-5
,[발달환경],[활동/문화환경],[청소년 활동],[연간 참여 횟수],-,국제교류 활동,YACT1A06,문3a-6
,[발달환경],[활동/문화환경],[청소년 활동],[연간 참여 횟수],-,건강보건 활동,YACT1A07,문3a-7
,[발달환경],[활동/문화환경],[청소년 활동],[연간 참여 횟수],-,자기(인성) 계발 활동,YACT1A08,문3a-8
,[발달환경],[활동/문화환경],[청소년 활동],[연간 참여 횟수],-,환경보존 활동,YACT1A09,문3a-9
,[발달환경],[활동/문화환경],[청소년 활동],[참여 만족도],-,문화예술 활동,YACT1B01,문3b-1
,[발달환경],[활동/문화환경],[청소년 활동],[참여 만족도],-,과학정보 활동,YACT1B02,문3b-2
,[발달환경],[활동/문화환경],[청소년 활동],[참여 만족도],-,모험개척 활동,YACT1B03,문3b-3
,[발달환경],[활동/문화환경],[청소년 활동],[참여 만족도],-,자원봉사 활동,YACT1B04,문3b-4
,[발달환경],[활동/문화환경],[청소년 활동],[참여 만족도],-,직업진로 활동,YACT1B05,문3b-5
,[발달환경],[활동/문화환경],[청소년 활동],[참여 만족도],-,국제교류 활동,YACT1B06,문3b-6
,[발달환경],[활동/문화환경],[청소년 활동],[참여 만족도],-,건강보건 활동,YACT1B07,문3b-7
,[발달환경],[활동/문화환경],[청소년 활동],[참여 만족도],-,자기(인성) 계발 활동,YACT1B08,문3b-8
,[발달환경],[활동/문화환경],[청소년 활동],[참여 만족도],-,환경보존 활동,YACT1B09,문3b-9
,[발달환경],[활동/문화환경],[동아리 활동],[연간 참여 횟수],-,교내 공식 동아리,YACT2A01,문4a-1
,[발달환경],[활동/문화환경],[동아리 활동],[연간 참여 횟수],-,교외 공식 동아리,YACT2A02,문4a-2
,[발달환경],[활동/문화환경],[동아리 활동],[참여 만족도],-,교내 공식 동아리,YACT2B01,문4b-1
,[발달환경],[활동/문화환경],[동아리 활동],[참여 만족도],-,교외 공식 동아리,YACT2B02,문4b-2
,[발달환경],[활동/문화환경],[팬덤 활동],[선호 연예인/운동선수 유무],-,"좋아하는 연예인, 운동선수 유무",YACT3A00,문5
,[발달환경],[활동/문화환경],[팬덤 활동],[팬덤 활동 빈도],-,팬미팅(싸인회) 참석하기,YACT3B01,문5-1-1
,[발달환경],[활동/문화환경],[팬덤 활동],[팬덤 활동 빈도],-,팬클럽이나 팬카페 활동하기,YACT3B02,문5-1-2
,[발달환경],[활동/문화환경],[팬덤 활동],[팬덤 활동 빈도],-,"방송국이나 공연장, 영화관, 경기장, 행사장가기",YACT3B03,문5-1-3
,[발달환경],[활동/문화환경],[팬덤 활동],[팬덤 활동 빈도],-,팬레터 쓰기 및 메시지 보내기,YACT3B04,문5-1-4
,[발달환경],[활동/문화환경],[팬덤 활동],[팬덤 활동 빈도],-,선물 보내기,YACT3B05,문5-1-5
,[발달환경],[활동/문화환경],[팬덤 활동],[팬덤 활동 빈도],-,"SNS, 블로그, 트위터, 기사 등에 댓글 달기",YACT3B06,문5-1-6
,[발달환경],[활동/문화환경],[팬덤 활동],[팬덤 활동 빈도],-,사진과 동영상 감상 및 업로드하기,YACT3B07,문5-1-7
,[발달환경],[활동/문화환경],[팬덤 활동],[팬덤 활동 빈도],-,"책, CD, DVD, 화보집 구입하기",YACT3B08,문5-1-8
,[발달환경],[활동/문화환경],[팬덤 활동],[팬덤 활동 빈도],-,굿즈 만들기 또는 구입하기,YACT3B09,문5-1-9
,[발달환경],[학교],[학교생활],[학교생활 만족도],-,지난 학기 학교생활 만족 수준,YEDU1A00,문44
,[발달환경],[학교],[학교생활],[학교생활 만족도],[온라인 개학],지난 학기 온라인 개학 학교생활 만족 수준,YEDU1A01,
,[발달환경],[학교],[학교생활],[학교생활 만족도],[등교 개학],지난 학기 등교 개학 학교생활 만족 수준,YEDU1A02,
,[발달환경],[학교],[학교생활],[일주일 평균 수업 일수],[등교수업],지난 학기 일주일 평균 등교수업 일수,YEDU1B01,
,[발달환경],[학교],[학교생활],[일주일 평균 수업 일수],[원격수업],지난 학기 일주일 평균 원격수업 일수,YEDU1B02,
,[발달환경],[학교],[학교생활],[학교생활 만족도],[등교수업],지난 학기 등교수업 만족도,YEDU1C01,
,[발달환경],[학교],[학교생활],[학교생활 만족도],[원격수업],지난 학기 원격수업 만족도,YEDU1C02,
,[발달환경],[학교],[친구],[친구관계],[긍정적 관계],친구들과 함께 시간을 보낸다,YEDU2A01,문20-1
,[발달환경],[학교],[친구],[친구관계],[긍정적 관계],친구들은 속상하고 힘든 일을 나에게 털어놓는다,YEDU2A02,문20-2
,[발달환경],[학교],[친구],[친구관계],[긍정적 관계],친구들에게 내 이야기를 잘한다,YEDU2A03,문20-3
,[발달환경],[학교],[친구],[친구관계],[긍정적 관계],친구들에게 내 비밀을 이야기 할 수 있다,YEDU2A04,문20-4
,[발달환경],[학교],[친구],[친구관계],[긍정적 관계],내가 무슨 일을 할 때 친구들은 나를 도와준다,YEDU2A05,문20-5
,[발달환경],[학교],[친구],[친구관계],[긍정적 관계],친구들은 나를 좋아하고 잘 따른다,YEDU2A06,문20-6
,[발달환경],[학교],[친구],[친구관계],[긍정적 관계],친구들은 나에게 관심이 있다,YEDU2A07,문20-7
,[발달환경],[학교],[친구],[친구관계],[긍정적 관계],친구들과의 관계가 좋다,YEDU2A08,문20-8
,[발달환경],[학교],[친구],[친구관계],[부정적 관계],친구들과 의견 충돌이 잦다,YEDU2A09,문20-9
,[발달환경],[학교],[친구],[친구관계],[부정적 관계],친구와 싸우면 잘 화해하지 않는다,YEDU2A10,문20-10
,[발달환경],[학교],[친구],[친구관계],[부정적 관계],친구가 내 뜻과 다르게 행동하면 화를 내거나 짜증을 낸다,YEDU2A11,문20-11
,[발달환경],[학교],[친구],[친구관계],[부정적 관계],나와 다른 아이들과는 친해질 생각이 없다,YEDU2A12,문20-12
,[발달환경],[학교],[친구],[친구관계],[부정적 관계],친구들은 나의 어렵고 힘든 점에 대해 관심이 없다,YEDU2A13,문20-13
,[발달환경],[학교],[교사],[교사관계],[접근가능성],내가 공부나 다른 문제로 힘들 때 선생님께 찾아가서 제일 먼저 의논하고 싶다,YEDU3A01,
,[발달환경],[학교],[교사],[교사관계],[민감성],선생님은 내가 수업시간에 다른 생각을 하는지 금방 아신다,YEDU3A02,
,[발달환경],[학교],[교사],[교사관계],[민감성],선생님은 수업내용을 내가 알아듣기 쉽게 잘 정리해서 설명해주신다,YEDU3A03,
,[발달환경],[학교],[교사],[교사관계],[신뢰성],선생님은 내가 앞으로 공부를 잘 할 수 있다고 믿으신다,YEDU3A04,
,[발달환경],[학교],[교사],[교사관계],[민감성],선생님은 내가 수업에 흥미가 있는지를 잘 아신다,YEDU3A05,
,[발달환경],[학교],[교사],[교사관계],[수용성],선생님은 질문에 대답할 때까지 참고 기다려주신다,YEDU3A06,
,[발달환경],[학교],[교사],[교사관계],[신뢰성],선생님은 내가 책임과 의무를 다하는 학생이라고 생각하신다,YEDU3A07,
,[발달환경],[학교],[교사],[교사관계],[수용성],선생님은 나의 의견을 존중하시고 자유롭게 말하도록 하신다,YEDU3A08,
,[발달환경],[학교],[교사],[교사관계],[수용성],선생님은 내가 모르는 것을 질문하면 이해할 때까지 몇 번이라도 다시 설명해주신다,YEDU3A09,
,[발달환경],[학교],[교사],[교사관계],[신뢰성],선생님은 내가 끈기와 인내심이 강하다고 생각하신다,YEDU3A10,
,[발달환경],[학교],[교사],[교사관계],[접근가능성],선생님은 내가 공부하면서 부족한 부분이 있으면 개별적으로 보충해주신다,YEDU3A11,
,[발달환경],[학교],[교사],[교사관계],[접근가능성],선생님은 내가 원할 때마다 항상 나를 위해 시간을 내 주신다,YEDU3A12,
,[발달환경],[학교],[교사],[교사관계],[민감성],선생님은 내가 수업내용을 잘 이해하고 있는지를 금방 눈치 채신다,YEDU3A13,
,[발달환경],[학교],[교사],[교사관계],[신뢰성],선생님은 내가 머리가 좋은 학생이라고 생각하신다,YEDU3A14,
,[발달환경],[가정],[부모관계],[부모님과 함께 보내는 시간],-,평일_시,YFAM1A01,문17a
,[발달환경],[가정],[부모관계],[부모님과 함께 보내는 시간],-,평일_분,YFAM1A02,문17a
,[발달환경],[가정],[부모관계],[부모님과 함께 보내는 시간],-,주말_시,YFAM1A03,문17b
,[발달환경],[가정],[부모관계],[부모님과 함께 보내는 시간],-,주말_분,YFAM1A04,문17b
,[발달환경],[가정],[형제자매],[형제/자매수],-,명,YFAM3A00,문18
,[발달환경],[가정],[형제자매],[전체 형제/자매 중 본인의 출생 순서],-,번째,YFAM3B00,문18-1
,[발달환경],[가정],[형제자매],[첫째 형제/자매와 함께 보내는 시간],-,평일_시,YFAM1B01,문18-1a
,[발달환경],[가정],[형제자매],[첫째 형제/자매와 함께 보내는 시간],-,평일_분,YFAM1B02,문18-1a
,[발달환경],[가정],[형제자매],[첫째 형제/자매와 함께 보내는 시간],-,주말_시,YFAM1B03,문18-1b
,[발달환경],[가정],[형제자매],[첫째 형제/자매와 함께 보내는 시간],-,주말_분,YFAM1B04,문18-1b
,[발달환경],[가정],[형제자매],[둘째 형제/자매와 함께 보내는 시간],-,평일_시,YFAM1C01,문18-1a
,[발달환경],[가정],[형제자매],[둘째 형제/자매와 함께 보내는 시간],-,평일_분,YFAM1C02,문18-1a
,[발달환경],[가정],[형제자매],[둘째 형제/자매와 함께 보내는 시간],-,주말_시,YFAM1C03,문18-1b
,[발달환경],[가정],[형제자매],[둘째 형제/자매와 함께 보내는 시간],-,주말_분,YFAM1C04,문18-1b
,[발달환경],[가정],[형제자매],[셋째 형제/자매와 함께 보내는 시간],-,평일_시,YFAM1D01,문18-1a
,[발달환경],[가정],[형제자매],[셋째 형제/자매와 함께 보내는 시간],-,평일_분,YFAM1D02,문18-1a
,[발달환경],[가정],[형제자매],[셋째 형제/자매와 함께 보내는 시간],-,주말_시,YFAM1D03,문18-1b
,[발달환경],[가정],[형제자매],[셋째 형제/자매와 함께 보내는 시간],-,주말_분,YFAM1D04,문18-1b
,[발달환경],[가정],[형제자매],[넷째 형제/자매와 함께 보내는 시간],-,평일_시,YFAM1E01,문18-1a
,[발달환경],[가정],[형제자매],[넷째 형제/자매와 함께 보내는 시간],-,평일_분,YFAM1E02,문18-1a
,[발달환경],[가정],[형제자매],[넷째 형제/자매와 함께 보내는 시간],-,주말_시,YFAM1E03,문18-1b
,[발달환경],[가정],[형제자매],[넷째 형제/자매와 함께 보내는 시간],-,주말_분,YFAM1E04,문18-1b
,[발달환경],[가정],[형제자매],[다섯째 형제/자매와 함께 보내는 시간],-,평일_시,YFAM1F01,문18-1a
,[발달환경],[가정],[형제자매],[다섯째 형제/자매와 함께 보내는 시간],-,평일_분,YFAM1F02,문18-1a
,[발달환경],[가정],[형제자매],[다섯째 형제/자매와 함께 보내는 시간],-,주말_시,YFAM1F03,문18-1b
,[발달환경],[가정],[형제자매],[다섯째 형제/자매와 함께 보내는 시간],-,주말_분,YFAM1F04,문18-1b
,[발달환경],[가정],[형제자매],[여섯째 형제/자매와 함께 보내는 시간],-,평일_시,YFAM1G01,문18-1a
,[발달환경],[가정],[형제자매],[여섯째 형제/자매와 함께 보내는 시간],-,평일_분,YFAM1G02,문18-1a
,[발달환경],[가정],[형제자매],[여섯째 형제/자매와 함께 보내는 시간],-,주말_시,YFAM1G03,문18-1b
,[발달환경],[가정],[형제자매],[여섯째 형제/자매와 함께 보내는 시간],-,주말_분,YFAM1G04,문18-1b
,[발달환경],[가정],[형제자매],[일곱째 형제/자매와 함께 보내는 시간],-,평일_시,YFAM1H01,문18-1a
,[발달환경],[가정],[형제자매],[일곱째 형제/자매와 함께 보내는 시간],-,평일_분,YFAM1H02,문18-1a
,[발달환경],[가정],[형제자매],[일곱째 형제/자매와 함께 보내는 시간],-,주말_시,YFAM1H03,문18-1b
,[발달환경],[가정],[형제자매],[일곱째 형제/자매와 함께 보내는 시간],-,주말_분,YFAM1H04,문18-1b
,[발달환경],[가정],[양육태도],[따스함],-,부모님이 나를 사랑한다는 것을 표현하신다,YFAM2A01,문19-1
,[발달환경],[가정],[양육태도],[따스함],-,부모님은 나와 함께 있는 것을 좋아하신다,YFAM2A02,문19-2
,[발달환경],[가정],[양육태도],[따스함],-,부모님은 항상 나를 반가워하신다,YFAM2A03,문19-3
,[발달환경],[가정],[양육태도],[따스함],-,부모님은 나를 특별하게 여기신다,YFAM2A04,문19-4
,[발달환경],[가정],[양육태도],[거부],-,부모님이 나를 좋아하시는지 가끔 궁금할 때가 있다,YFAM2B01,문19-5
,[발달환경],[가정],[양육태도],[거부],-,부모님은 내가 방해가 된다고 생각하신다,YFAM2B02,문19-6
,[발달환경],[가정],[양육태도],[거부],-,부모님은 나로 하여금 불필요한 존재라고 느끼게 하신다,YFAM2B03,문19-7
,[발달환경],[가정],[양육태도],[거부],-,부모님은 내가 하는 어떤 것도 만족스러워하지 않으신다,YFAM2B04,문19-8
,[발달환경],[가정],[양육태도],[자율성 지지],-,부모님은 나를 믿어주신다,YFAM2C01,문19-9
,[발달환경],[가정],[양육태도],[자율성 지지],-,부모님은 나를 있는 그대로 받아주신다,YFAM2C02,문19-10
,[발달환경],[가정],[양육태도],[자율성 지지],-,부모님은 내가 중요하게 생각하는 일을 하게 해주신다,YFAM2C03,문19-11
,[발달환경],[가정],[양육태도],[자율성 지지],-,부모님은 나의 생각을 이해하려고 노력하신다,YFAM2C04,문19-12
,[발달환경],[가정],[양육태도],[강요],-,부모님은 나에게 늘 무엇을 하라고 하신다,YFAM2D01,문19-13
,[발달환경],[가정],[양육태도],[강요],-,부모님은 나에게 이래라저래라 하신다,YFAM2D02,문19-14
,[발달환경],[가정],[양육태도],[강요],-,부모님은 어떤 일을 할 때 오로지 그분들의 방식만이 유일하게 올바른 길이라고 생각하신다,YFAM2D03,문19-15
,[발달환경],[가정],[양육태도],[강요],-,"부모님은 모든 것에 대해 “안 돼."" 라고 하신다",YFAM2D04,문19-16
,[발달환경],[가정],[양육태도],[구조제공],-,"내가 무언가 하려고 할 때, 부모님이 어떻게 하라고 가르쳐 주신다",YFAM2E01,문19-17
,[발달환경],[가정],[양육태도],[구조제공],-,"어떤 일이나 사물이 돌아가는 이치를 알고 싶어할 때, 부모님께서 설명해주신다",YFAM2E02,문19-18
,[발달환경],[가정],[양육태도],[구조제공],-,내게 문제가 있을 때 부모님이 어떻게 해결해야할지 도움을 주신다,YFAM2E03,문19-19
,[발달환경],[가정],[양육태도],[구조제공],-,"부모님은 내게 규칙을 말씀하실 때, 왜 지켜야 하는지 이유도 설명해주신다",YFAM2E04,문19-20
,[발달환경],[가정],[양육태도],[비일관성],-,"부모님이 약속을 해도, 그 분들이 지키실지는 알 수 없다",YFAM2F01,문19-21
,[발달환경],[가정],[양육태도],[비일관성],-,부모님은 무언가를 하겠다고 말씀하시고는 실제로는 하지 않으실 때도 가끔 있다,YFAM2F02,문19-22
,[발달환경],[가정],[양육태도],[비일관성],-,부모님은 나에 대한 규칙을 자주 바꾸신다,YFAM2F03,문19-23
,[발달환경],[가정],[양육태도],[비일관성],-,부모님은 사전에 주의도 주지 않고 화부터 내신다,YFAM2F04,문19-24
,[특별모듈],[재난 안전 의식],[재난 안전 체감도],[자연재난],[우리사회],폭염⋅한파,YDIS1A01,
,[특별모듈],[재난 안전 의식],[재난 안전 체감도],[자연재난],[우리사회],"풍수해(태풍, 홍수, 호우, 해일 등)",YDIS1A02,
,[특별모듈],[재난 안전 의식],[재난 안전 체감도],[자연재난],[우리사회],지진,YDIS1A03,
,[특별모듈],[재난 안전 의식],[재난 안전 체감도],[자연재난],[우리사회],황사,YDIS1A04,
,[특별모듈],[재난 안전 의식],[재난 안전 체감도],[자연재난],[우리사회],산불,YDIS1A05,
,[특별모듈],[재난 안전 의식],[재난 안전 체감도],[자연재난],[우리사회],화산폭발,YDIS1A06,
,[특별모듈],[재난 안전 의식],[재난 안전 체감도],[사회재난],[우리사회],감염병 유행,YDIS1A07,
,[특별모듈],[재난 안전 의식],[재난 안전 체감도],[사회재난],[우리사회],"건축물 붕괴(건물, 도로, 기반시설 등)",YDIS1A08,
,[특별모듈],[재난 안전 의식],[재난 안전 체감도],[사회재난],[우리사회],화재 및 폭발사고,YDIS1A09,
,[특별모듈],[재난 안전 의식],[재난 안전 체감도],[사회재난],[우리사회],"교통사고(항공사고, 해상사고 포함)",YDIS1A10,
,[특별모듈],[재난 안전 의식],[재난 안전 체감도],[사회재난],[우리사회],환경오염사고(유해물질 유출 등),YDIS1A11,
,[특별모듈],[재난 안전 의식],[재난 안전 체감도],[사회재난],[우리사회],미세먼지,YDIS1A12,
,[특별모듈],[재난 안전 의식],[재난 안전 체감도],[자연재난],[본인],폭염⋅한파,YDIS1B01,
,[특별모듈],[재난 안전 의식],[재난 안전 체감도],[자연재난],[본인],"풍수해(태풍, 홍수, 호우, 해일 등)",YDIS1B02,
,[특별모듈],[재난 안전 의식],[재난 안전 체감도],[자연재난],[본인],지진,YDIS1B03,
,[특별모듈],[재난 안전 의식],[재난 안전 체감도],[자연재난],[본인],황사,YDIS1B04,
,[특별모듈],[재난 안전 의식],[재난 안전 체감도],[자연재난],[본인],산불,YDIS1B05,
,[특별모듈],[재난 안전 의식],[재난 안전 체감도],[자연재난],[본인],화산폭발,YDIS1B06,
,[특별모듈],[재난 안전 의식],[재난 안전 체감도],[사회재난],[본인],감염병 유행,YDIS1B07,
,[특별모듈],[재난 안전 의식],[재난 안전 체감도],[사회재난],[본인],"건축물 붕괴(건물, 도로, 기반시설 등)",YDIS1B08,
,[특별모듈],[재난 안전 의식],[재난 안전 체감도],[사회재난],[본인],화재 및 폭발사고,YDIS1B09,
,[특별모듈],[재난 안전 의식],[재난 안전 체감도],[사회재난],[본인],"교통사고(항공사고, 해상사고 포함)",YDIS1B10,
,[특별모듈],[재난 안전 의식],[재난 안전 체감도],[사회재난],[본인],환경오염사고(유해물질 유출 등),YDIS1B11,
,[특별모듈],[재난 안전 의식],[재난 안전 체감도],[사회재난],[본인],미세먼지,YDIS1B12,
,[특별모듈],[재난 안전 의식],[재난 안전 인식],[사회 체감도],-,우리 사회가 안전을 최우선적으로 중시한다고 생각하십니까?,YDIS2A00,
,[특별모듈],[재난 안전 의식],[재난 안전 인식],[본인 체감도],-,귀하는 일상생활을 할 때 안전을 최우선적으로 생각하십니까?,YDIS2B00,
,[특별모듈],[재난 안전 의식],[재난 안전 행동요령 인식],[자연재난],-,폭염⋅한파,YDIS3A01,
,[특별모듈],[재난 안전 의식],[재난 안전 행동요령 인식],[자연재난],-,"풍수해(태풍, 홍수, 호우, 해일 등)",YDIS3A02,
,[특별모듈],[재난 안전 의식],[재난 안전 행동요령 인식],[자연재난],-,지진,YDIS3A03,
,[특별모듈],[재난 안전 의식],[재난 안전 행동요령 인식],[자연재난],-,황사,YDIS3A04,
,[특별모듈],[재난 안전 의식],[재난 안전 행동요령 인식],[자연재난],-,산불,YDIS3A05,
,[특별모듈],[재난 안전 의식],[재난 안전 행동요령 인식],[자연재난],-,화산폭발,YDIS3A06,
,[특별모듈],[재난 안전 의식],[재난 안전 행동요령 인식],[사회재난],-,감염병 유행,YDIS3A07,
,[특별모듈],[재난 안전 의식],[재난 안전 행동요령 인식],[사회재난],-,"건축물 붕괴(건물, 도로, 기반시설 등)",YDIS3A08,
,[특별모듈],[재난 안전 의식],[재난 안전 행동요령 인식],[사회재난],-,화재 및 폭발사고,YDIS3A09,
,[특별모듈],[재난 안전 의식],[재난 안전 행동요령 인식],[사회재난],-,"교통사고(항공사고, 해상사고 포함)",YDIS3A10,
,[특별모듈],[재난 안전 의식],[재난 안전 행동요령 인식],[사회재난],-,환경오염사고(유해물질 유출 등),YDIS3A11,
,[특별모듈],[재난 안전 의식],[재난 안전 행동요령 인식],[사회재난],-,미세먼지,YDIS3A12,
,[특별모듈],[정서인식 역량],[정서인식 역량],[RMET(Reading the Mind in the Eyes Test)],-,(1) 증오하는 - (2) 놀란 - (3) 친절한 - (4) 짜증난,YRME1A01,
,[특별모듈],[정서인식 역량],[정서인식 역량],[RMET(Reading the Mind in the Eyes Test)],-,(1) 불친절한 - (2) 짜증난 - (3) 놀란 - (4) 슬픈,YRME1A02,
,[특별모듈],[정서인식 역량],[정서인식 역량],[RMET(Reading the Mind in the Eyes Test)],-,(1) 우호적인 - (2) 슬픈 - (3) 놀란 - (4) 걱정하는,YRME1A03,
,[특별모듈],[정서인식 역량],[정서인식 역량],[RMET(Reading the Mind in the Eyes Test)],-,(1) 편안한 - (2) 속상한 - (3) 놀란 - (4) 신난,YRME1A04,
,[특별모듈],[정서인식 역량],[정서인식 역량],[RMET(Reading the Mind in the Eyes Test)],-,(1) 가여워하는 - (2) 요구하는 - (3) 농담하는 - (4) 편안한,YRME1A05,
,[특별모듈],[정서인식 역량],[정서인식 역량],[RMET(Reading the Mind in the Eyes Test)],-,(1) 증오하는 - (2) 불친절한 - (3) 걱정하는 - (4) 지루한,YRME1A06,
,[특별모듈],[정서인식 역량],[정서인식 역량],[RMET(Reading the Mind in the Eyes Test)],-,(1) 가여워하는 - (2) 지루한 - (3) 흥미있는 - (4) 농담하는,YRME1A07,
,[특별모듈],[정서인식 역량],[정서인식 역량],[RMET(Reading the Mind in the Eyes Test)],-,(1) 회상하는 - (2) 행복한 - (3) 우호적인 - (4) 화난,YRME1A08,
,[특별모듈],[정서인식 역량],[정서인식 역량],[RMET(Reading the Mind in the Eyes Test)],-,(1) 짜증난 - (2) 증오하는 - (3) 놀란 - (4) 무언가 생각하는,YRME1A09,
,[특별모듈],[정서인식 역량],[정서인식 역량],[RMET(Reading the Mind in the Eyes Test)],-,(1) 친절한 - (2) 수줍은 - (3) 의심스러운 - (4) 슬픈,YRME1A10,
,[특별모듈],[정서인식 역량],[정서인식 역량],[RMET(Reading the Mind in the Eyes Test)],-,(1) 으스대는 - (2) 희망하는 - (3) 화난 - (4) 역겨워하는,YRME1A11,
,[특별모듈],[정서인식 역량],[정서인식 역량],[RMET(Reading the Mind in the Eyes Test)],-,(1) 혼란스러운 - (2) 농담하는 - (3) 슬픈 - (4) 진지한,YRME1A12,
,[특별모듈],[정서인식 역량],[정서인식 역량],[RMET(Reading the Mind in the Eyes Test)],-,(1) 무언가 생각하는 - (2) 속상한 - (3) 신난 - (4) 행복한,YRME1A13,
,[특별모듈],[정서인식 역량],[정서인식 역량],[RMET(Reading the Mind in the Eyes Test)],-,(1) 행복한 - (2) 무언가 생각하는 - (3) 신난 - (4) 친절한,YRME1A14,
,[특별모듈],[정서인식 역량],[정서인식 역량],[RMET(Reading the Mind in the Eyes Test)],-,(1) 의심스러운 - (2) 우호적인 - (3) 놀고 싶은 - (4) 편안한,YRME1A15,
,[특별모듈],[정서인식 역량],[정서인식 역량],[RMET(Reading the Mind in the Eyes Test)],-,(1) 단호한 - (2) 농담하는 - (3) 놀란 - (4) 지루한,YRME1A16,
,[특별모듈],[정서인식 역량],[정서인식 역량],[RMET(Reading the Mind in the Eyes Test)],-,(1) 화난 - (2) 우호적인 - (3) 불친절한 - (4) 주저하는,YRME1A17,
,[특별모듈],[정서인식 역량],[정서인식 역량],[RMET(Reading the Mind in the Eyes Test)],-,(1) 수심에 잠긴 - (2) 화난 - (3) 으스대는 - (4) 우호적인,YRME1A18,
,[특별모듈],[정서인식 역량],[정서인식 역량],[RMET(Reading the Mind in the Eyes Test)],-,(1) 화난 - (2) 몽상하는 - (3) 슬픈 - (4) 흥미있는,YRME1A19,
,[특별모듈],[정서인식 역량],[정서인식 역량],[RMET(Reading the Mind in the Eyes Test)],-,(1) 친절한 - (2) 놀란 - (3) 기쁘지 않은 - (4) 신난,YRME1A20,
,[특별모듈],[정서인식 역량],[정서인식 역량],[RMET(Reading the Mind in the Eyes Test)],-,(1) 흥미있는 - (2) 농담하는 - (3) 편안한 - (4) 행복한,YRME1A21,
,[특별모듈],[정서인식 역량],[정서인식 역량],[RMET(Reading the Mind in the Eyes Test)],-,(1) 장난기 있는 - (2) 친절한 - (3) 놀란 - (4) 무언가 생각하는,YRME1A22,
,[특별모듈],[정서인식 역량],[정서인식 역량],[RMET(Reading the Mind in the Eyes Test)],-,(1) 놀란 - (2) 확신에 찬 - (3) 농담하는 - (4) 행복한,YRME1A23,
,[특별모듈],[정서인식 역량],[정서인식 역량],[RMET(Reading the Mind in the Eyes Test)],-,(1) 진지한 - (2) 부끄러운 - (3) 혼란스러운 - (4) 놀란,YRME1A24,
,[특별모듈],[정서인식 역량],[정서인식 역량],[RMET(Reading the Mind in the Eyes Test)],-,(1) 수줍은 - (2) 죄책감을 느끼는 - (3) 몽상하는 - (4) 걱정하는,YRME1A25,
,[특별모듈],[정서인식 역량],[정서인식 역량],[RMET(Reading the Mind in the Eyes Test)],-,(1) 농담하는 - (2) 편안한 - (3) 불안한 - (4) 미안한,YRME1A26,
,[특별모듈],[정서인식 역량],[정서인식 역량],[RMET(Reading the Mind in the Eyes Test)],-,(1) 부끄러운 - (2) 신난 - (3) 의심스러운 - (4) 기쁜,YRME1A27,
,[특별모듈],[정서인식 역량],[정서인식 역량],[RMET(Reading the Mind in the Eyes Test)],-,(1) 혐오하는 - (2) 증오하는 - (3) 행복한 - (4) 지루한,YRME1A28,
,[특별모듈],[정서인식 역량],[정서인식 역량],[RMET(Reading the Mind in the Eyes Test)],-,RMET(Reading the Mind in the Eyes Test) 점수,YRME1Asc,
,[특별모듈],[진로],[진로계획],[희망 직업을 얻을 수 있는지 예상],-,희망직업을 얻을 수 있는지에 대한 예상,YFUR4A00,
,[특별모듈],[진로],[진로계획],[희망직업 선택 요인],-,안정적으로 오랫동안 일할 수 있다,YFUR4B01,
,[특별모듈],[진로],[진로계획],[희망직업 선택 요인],-,수입(임금)이 많다,YFUR4B02,
,[특별모듈],[진로],[진로계획],[희망직업 선택 요인],-,사회적 명예(위신)가 높다,YFUR4B03,
,[특별모듈],[진로],[진로계획],[희망직업 선택 요인],-,국가/사회에 기여할 수 있다,YFUR4B04,
,[특별모듈],[진로],[진로계획],[희망직업 선택 요인],-,자신의 소질과 적성을 살릴 수 있다,YFUR4B05,
,[특별모듈],[진로],[진로계획],[희망직업 선택 요인],-,일하는 환경이 쾌적하다,YFUR4B06,
,[특별모듈],[진로],[진로계획],[희망직업 선택 요인],-,시간적으로 여유가 있다,YFUR4B07,
,[특별모듈],[진로],[진로계획],[희망직업 선택 요인],-,가족과 함께 지내는 시간이 보장된다,YFUR4B08,
,[특별모듈],[진로],[진로계획],[희망직업 선택 요인],-,여러 사람들과 어울려 일할 수 있다,YFUR4B09,
,[특별모듈],[진로],[진로계획],[희망직업 선택 요인],-,직장 동료와의 경쟁이 심하지 않다,YFUR4B10,
,[특별모듈],[진로],[진로계획],[희망직업 선택 요인],-,자율적으로 일할 수 있다,YFUR4B11,
,[특별모듈],[진로],[진로계획],[희망직업 선택 요인],-,다양한 경험을 할 수 있다,YFUR4B12,
,[특별모듈],[진로],[진로탐색],[진로준비활동],-,‘진로와 직업’ 수업,YFUR4C01,
,[특별모듈],[진로],[진로탐색],[진로준비활동],-,창의적 체험활동 중 진로 활동,YFUR4C02,
,[특별모듈],[진로],[진로탐색],[진로준비활동],-,진로 심리 검사 및 적성 검사,YFUR4C03,
,[특별모듈],[진로],[진로탐색],[진로준비활동],-,진로 관련 상담,YFUR4C04,
,[특별모듈],[진로],[진로탐색],[진로준비활동],-,진로 관련 동아리 활동,YFUR4C05,
,[특별모듈],[진로],[진로탐색],[진로준비활동],-,진로 관련 특강 및 강연,YFUR4C06,
,[특별모듈],[진로],[진로탐색],[진로준비활동],-,교육과정 및 진학 관련 설명회,YFUR4C07,
,[특별모듈],[진로],[진로탐색],[진로준비활동],-,학업 설계 워크숍,YFUR4C08,
,[특별모듈],[진로],[진로탐색],[진로준비활동],-,현장 견학,YFUR4C09,
,[특별모듈],[진로],[진로탐색],[진로준비활동],-,현장 직업 체험,YFUR4C10,
,[특별모듈],[진로],[진로탐색],[진로준비활동],-,직업 실무 체험,YFUR4C11,
,[특별모듈],[진로],[진로탐색],[진로준비활동],-,진로 캠프,YFUR4C12,
,[특별모듈],[진로],[진로탐색],[진로준비활동],-,대학과 연계한 진로체험 활동,YFUR4C13,
,[특별모듈],[진로],[진로탐색],[진로준비활동],-,직업박람회,YFUR4C14,
,[특별모듈],[진로],[진로탐색],[진로준비활동],-,진로 관련 책/잡지,YFUR4C15,
,[특별모듈],[진로],[진로탐색],[진로준비활동],-,진로 관련 인터넷 자료,YFUR4C16,
,[특별모듈],[진로],[진로경험],[아르바이트 경험 유무],-,지난 1년 간 아르바이트(시간제 근로·파트타임)를 한 경험이 있습니까?,YFUR4D00,
,[특별모듈],[진로],[진로경험],[아르바이트 도움 정도],-,('한 번 이상 있다' 경우만) 지난 1년간 체험한 아르바이트 경험들은 자신이 향후 갖게 될 미래의 직업생활에 얼마나 도움이 될 것 같습니까?,YFUR4E00,
,[특별모듈],[학교폭력 및 적응],[학교폭력],[가해 경험],[사이버공간],"온라인(인터넷, 카카오톡, SNS 등)에서 따돌리거나 괴롭히기(예: 욕설/모욕, 협박, 성희롱, 사생활 공개 등)",YSVL1A07,
,[특별모듈],[학교폭력 및 적응],[학교폭력],[가해 경험 시기],[현실세계],심하게 놀리거나 조롱하기,YSVL1B01,
,[특별모듈],[학교폭력 및 적응],[학교폭력],[가해 경험 시기],[현실세계],집단따돌림(왕따)시키기,YSVL1B02,
,[특별모듈],[학교폭력 및 적응],[학교폭력],[가해 경험 시기],[현실세계],심하게 때리기,YSVL1B03,
,[특별모듈],[학교폭력 및 적응],[학교폭력],[가해 경험 시기],[현실세계],협박하기,YSVL1B04,
,[특별모듈],[학교폭력 및 적응],[학교폭력],[가해 경험 시기],[현실세계],돈이나 물건 뺏기(삥뜯기),YSVL1B05,
,[특별모듈],[학교폭력 및 적응],[학교폭력],[가해 경험 시기],[현실세계],심한 욕설과 폭언,YSVL1B06,
,[특별모듈],[학교폭력 및 적응],[학교폭력],[가해 경험 시기],[사이버공간],"온라인(인터넷, 카카오톡, SNS 등)에서 따돌리거나 괴롭히기(예: 욕설/모욕, 협박, 성희롱, 사생활 공개 등)",YSVL1B07,
,[특별모듈],[학교폭력 및 적응],[학교폭력],[피해 경험],[현실세계],심하게 놀림이나 조롱 당하기,YSVL1C01,
,[특별모듈],[학교폭력 및 적응],[학교폭력],[피해 경험],[현실세계],집단따돌림(왕따) 당하기,YSVL1C02,
,[특별모듈],[학교폭력 및 적응],[학교폭력],[피해 경험],[현실세계],심하게 맞기,YSVL1C03,
,[특별모듈],[학교폭력 및 적응],[학교폭력],[피해 경험],[현실세계],협박 당하기,YSVL1C04,
,[특별모듈],[학교폭력 및 적응],[학교폭력],[피해 경험],[현실세계],돈이나 물건 빼앗기기(삥뜯기기),YSVL1C05,
,[특별모듈],[학교폭력 및 적응],[학교폭력],[피해 경험],[현실세계],심한 욕설과 폭언 당하기,YSVL1C06,
,[특별모듈],[학교폭력 및 적응],[학교폭력],[피해 경험],[사이버공간],"온라인 (인터넷, 카카오톡, SNS 등)에서 따돌림이나 괴롭힘 당하기(예: 욕설/모욕, 협박, 성희롱, 사생활 공개 등)",YSVL1C07,
,[특별모듈],[학교폭력 및 적응],[학교폭력],[피해 경험],[신고 및 도움 요청],알리지 않음,YSVL1D00_1,
,[특별모듈],[학교폭력 및 적응],[학교폭력],[피해 경험],[신고 및 도움 요청],부모님,YSVL1D00_2,
,[특별모듈],[학교폭력 및 적응],[학교폭력],[피해 경험],[신고 및 도움 요청],선생님,YSVL1D00_3,
,[특별모듈],[학교폭력 및 적응],[학교폭력],[피해 경험],[신고 및 도움 요청],친구나 선후배,YSVL1D00_4,
,[특별모듈],[학교폭력 및 적응],[학교폭력],[피해 경험],[신고 및 도움 요청],"지원기관(상담기관, Wee 센터)",YSVL1D00_5,
,[특별모듈],[학교폭력 및 적응],[학교폭력],[피해 경험],[신고 및 도움 요청],학교폭력신고센터(117),YSVL1D00_6,
,[특별모듈],[학교폭력 및 적응],[학교폭력],[피해 경험],[신고 및 도움 요청],경찰(112),YSVL1D00_7,
,[특별모듈],[학교폭력 및 적응],[학교폭력],[피해 경험 시기],[현실세계],심하게 놀림이나 조롱 당하기,YSVL1E01,
,[특별모듈],[학교폭력 및 적응],[학교폭력],[피해 경험 시기],[현실세계],집단따돌림(왕따) 당하기,YSVL1E02,
,[특별모듈],[학교폭력 및 적응],[학교폭력],[피해 경험 시기],[현실세계],심하게 맞기,YSVL1E03,
,[특별모듈],[학교폭력 및 적응],[학교폭력],[피해 경험 시기],[현실세계],협박 당하기,YSVL1E04,
,[특별모듈],[학교폭력 및 적응],[학교폭력],[피해 경험 시기],[현실세계],돈이나 물건 빼앗기기(삥뜯기기),YSVL1E05,
,[특별모듈],[학교폭력 및 적응],[학교폭력],[피해 경험 시기],[현실세계],심한 욕설과 폭언 당하기,YSVL1E06,
,[특별모듈],[학교폭력 및 적응],[학교폭력],[피해 경험 시기],[사이버공간],"온라인 (인터넷, 카카오톡, SNS 등)에서 따돌림이나 괴롭힘 당하기(예: 욕설/모욕, 협박, 성희롱, 사생활 공개 등)",YSVL1E07,
,[특별모듈],[학교폭력 및 적응],[학교폭력],[피해 경험 시기],[보호자 행동],욕설이나 무시하는 말 등 심한 말을 하였다. ,YSVL2A01,
,[특별모듈],[학교폭력 및 적응],[학교폭력],[피해 경험 시기],[보호자 행동],회초리로 손바닥이나 종아리를 때렸다,YSVL2A02,
,[특별모듈],[학교폭력 및 적응],[학교폭력],[피해 경험 시기],[보호자 행동],손으로 때리거나 발로 찼다,YSVL2A03,
,[특별모듈],[학교폭력 및 적응],[학교폭력],[피해 경험 시기],[부모님 간 행동],욕설이나 무시하는 말 등 심한 말을 하였다. ,YSVL2B01,
,[특별모듈],[학교폭력 및 적응],[학교폭력],[피해 경험 시기],[부모님 간 행동],손으로 때리거나 발로 찼다,YSVL2B02,
,[특별모듈],[학교폭력 및 적응],[학교폭력],[피해 경험 시기],[부모님 간 주 행위자],욕설이나 무시하는 말 등 심한 말을 하였다. ,YSVL2C01,
,[특별모듈],[학교폭력 및 적응],[학교폭력],[피해 경험 시기],[부모님 간 주 행위자],손으로 때리거나 발로 찼다,YSVL2C02,
,[특별모듈],[학교폭력 및 적응],[적응],[학교폭력 행동],-,누군가를 괴롭히는 행동을 먼저 시작한다.,YSVL3A01,
,[특별모듈],[학교폭력 및 적응],[적응],[학교폭력 행동],-,다른 아이들도 괴롭히는 행동에 참여하도록 끌어들인다.,YSVL3A02,
,[특별모듈],[학교폭력 및 적응],[적응],[학교폭력 행동],-,다른 친구들을 괴롭힐 새로운 방법을 늘 찾는다. ,YSVL3A03,
,[특별모듈],[학교폭력 및 적응],[적응],[학교폭력 행동],-,누군가 어떤 아이를 괴롭히기 시작하면 나도 같이 괴롭힌다.,YSVL3A04,
,[특별모듈],[학교폭력 및 적응],[적응],[학교폭력 행동],-,누군가를 괴롭히는 아이를 거든다. ,YSVL3A05,
,[특별모듈],[학교폭력 및 적응],[적응],[학교폭력 행동],-,괴롭힘 당하는 아이가 도망가지 못하게 붙잡아두는 것과 같은 방법으로 괴롭히는 아이를 도와준다.,YSVL3A06,
,[특별모듈],[학교폭력 및 적응],[적응],[학교폭력 행동],-,괴롭히는 상황을 구경하기 위해 그 주변으로 간다. ,YSVL3A07,
,[특별모듈],[학교폭력 및 적응],[적응],[학교폭력 행동],-,괴롭히는 상황을 보면서 웃는다.,YSVL3A08,
,[특별모듈],[학교폭력 및 적응],[적응],[학교폭력 행동],-,"누군가 어떤 아이를 괴롭힐 때, “본 떼를 보여줘”라고 말하며 옆에서 부추긴다. ",YSVL3A09,
,[특별모듈],[학교폭력 및 적응],[적응],[학교폭력 행동],-,괴롭힘 당하는 아이를 위로해 주거나 선생님에게 괴롭힘 당한 것에 대해 말하라고 용기를 준다. ,YSVL3A10,
,[특별모듈],[학교폭력 및 적응],[적응],[학교폭력 행동],-,괴롭히는 행동을 하는 아이들에게 그만하라고 말한다.,YSVL3A11,
,[특별모듈],[학교폭력 및 적응],[적응],[학교폭력 행동],-,괴롭히는 행동을 중지하려고 노력한다.,YSVL3A12,
,[특별모듈],[학교폭력 및 적응],[적응],[학교폭력 행동],-,"누군가 괴롭힘을 당하는 상황이 생겼을 때, 보통 그 자리에 없는 편이다.",YSVL3A13,
,[특별모듈],[학교폭력 및 적응],[적응],[학교폭력 행동],-,누군가 괴롭힘을 당하는 상황에 엮이지 않으려고 한다.,YSVL3A14,
,[특별모듈],[학교폭력 및 적응],[적응],[학교폭력 행동],-,누군가 괴롭힘을 당하는 상황에서 누구의 편도 들지 않는다.,YSVL3A15,
,[특별모듈],[지역사회 인식],[지역사회・공동체 인식],[지역사회 인식],-,나는 우리 동네 사람들 대부분을 알고 있다,YCOM1A01,
,[특별모듈],[지역사회 인식],[지역사회・공동체 인식],[지역사회 인식],-,나는 거리에서 우리 동네 사람을 만나면 인사를 한다,YCOM1A02,
,[특별모듈],[지역사회 인식],[지역사회・공동체 인식],[지역사회 인식],-,우리 동네에서는 이웃끼리 서로 경계한다,YCOM1A03,
,[특별모듈],[지역사회 인식],[지역사회・공동체 인식],[지역사회 인식],-,나는 우리 동네가 안전하다고 느낀다,YCOM1A04,
,[특별모듈],[지역사회 인식],[지역사회・공동체 인식],[지역사회 인식],-,나는 우리 동네 사람들과 지내는 것이 좋다,YCOM1A05,
,[특별모듈],[지역사회 인식],[지역사회・공동체 인식],[지역사회 인식],-,나는 우리 동네에서 계속 살고 싶다,YCOM1A06,
,[특별모듈],[지역사회 인식],[지역사회・공동체 인식],[공동체 인식],-,주변에 어려움에 처해 있는 친구가 있다면 적극적으로 도울 수 있다,YCOM2A01,
,[특별모듈],[지역사회 인식],[지역사회・공동체 인식],[공동체 인식],-,공휴일에 쉬지 못하더라도 복지기관에서 자원봉사 활동을 할 수 있다,YCOM2A02,
,[특별모듈],[지역사회 인식],[지역사회・공동체 인식],[공동체 인식],-,우리나라보다 경제적으로 어려운 나라를 돕기 위해 기부금을 낼 수 있다,YCOM2A03,
,[특별모듈],[지역사회 인식],[지역사회・공동체 인식],[공동체 인식],-,"지구를 보호하기 위해 물자절약, 쓰레기 분리수거, 재활용 등에 적극적으로 참여 할 수 있다",YCOM2A04,
,[특별모듈],[지역사회 인식],[다문화 수용도],[다문화 수용도],-,나와 문화적 배경이 다른 사람을 이웃으로 받아들일 수 있다,YCOM3A01,
,[특별모듈],[지역사회 인식],[다문화 수용도],[다문화 수용도],-,나와 문화적 배경이 다른 청소년을 같은 반 친구로 받아들일 수 있다,YCOM3A02,
,[특별모듈],[지역사회 인식],[다문화 수용도],[다문화 수용도],-,나와 문화적 배경이 다른 청소년과 가장 친한 단짝이 될 수 있다,YCOM3A03,
,[특별모듈],[지역사회 인식],[다문화 수용도],[다문화 수용도],-,"이성 친구를 사귀게 된다면, 나와 문화적 배경이 다른 사람을 이성친구로 사귈 수 있다",YCOM3A04,
,[특별모듈],[지역사회 인식],[다문화 수용도],[다문화 수용도],-,커서 나와 문화적 배경이 다른 사람과 결혼할 수 있다,YCOM3A05,
,[특별모듈],[결혼/출산관],[결혼/출산관],[결혼관],-,결혼에 대한 가치관 수준,YFFA1A01,문28
,[특별모듈],[결혼/출산관],[결혼/출산관],[출산관],-,출산에 대한 가치관 수준,YFFA1A02,문29
,[특별모듈],[시간선호],[시간선호],[시간선호],[시간 프레임 1],"다음 주 목요일 4,000원 vs 다음 주 목요일로부터 4주 뒤 4,500원",YMCQ1A01,문30-1
,[특별모듈],[시간선호],[시간선호],[시간선호],[시간 프레임 1],"다음 주 목요일 4,000원 vs 다음 주 목요일로부터 4주 뒤 5,500원",YMCQ1A02,문30-2
,[특별모듈],[시간선호],[시간선호],[시간선호],[시간 프레임 1],"다음 주 목요일 4,000원 vs 다음 주 목요일로부터 4주 뒤 6,500원",YMCQ1A03,문30-3
,[특별모듈],[시간선호],[시간선호],[시간선호],[시간 프레임 2],"다음 주 목요일로부터 4주 뒤 4,000원 vs 다음 주 목요일로부터 8주 뒤 4,500원",YMCQ1A04,문30-4
,[특별모듈],[시간선호],[시간선호],[시간선호],[시간 프레임 2],"다음 주 목요일로부터 4주 뒤 4,000원 vs 다음 주 목요일로부터 8주 뒤 5,500원",YMCQ1A05,문30-5
,[특별모듈],[시간선호],[시간선호],[시간선호],[시간 프레임 2],"다음 주 목요일로부터 4주 뒤 4,000원 vs 다음 주 목요일로부터 8주 뒤 6,500원",YMCQ1A06,문30-6
,[특별모듈],[용서하는 성향],[용서하는 성향],[용서하는 성향],[자신을 용서하는 성향],"무언가를 망쳤을 때, 처음에는 기분이 나쁘지만 시간이 지나면 그것을 잊을 수 있다",YRRS1A01,문31-1
,[특별모듈],[용서하는 성향],[용서하는 성향],[용서하는 성향],[자신을 용서하는 성향],내가 저지른 잘못 때문에 나 자신을 원망한다 ,YRRS1A02,문31-2
,[특별모듈],[용서하는 성향],[용서하는 성향],[용서하는 성향],[자신을 용서하는 성향],내가 저지른 잘못에서 교훈을 얻음으로써 잘못을 극복할 수 있다,YRRS1A03,문31-3
,[특별모듈],[용서하는 성향],[용서하는 성향],[용서하는 성향],[자신을 용서하는 성향],일을 망치면 나 자신을 용납하기가 매우 어렵다 ,YRRS1A04,문31-4
,[특별모듈],[용서하는 성향],[용서하는 성향],[용서하는 성향],[자신을 용서하는 성향],"시간이 지나면, 실수를 했던 나 자신을 이해할 수 있다 ",YRRS1A05,문31-5
,[특별모듈],[용서하는 성향],[용서하는 성향],[용서하는 성향],[자신을 용서하는 성향],"내가 느끼고, 생각하고, 말하고, 행동했던 부정적인 일들로 인해 스스로를 계속 비판한다 ",YRRS1A06,문31-6
,[특별모듈],[용서하는 성향],[용서하는 성향],[용서하는 성향],[타인을 용서하는 성향],"누군가 잘못된 행동을 했다고 생각하면, 계속 그 사람을 벌주려 한다 ",YRRS1A07,문31-7
,[특별모듈],[용서하는 성향],[용서하는 성향],[용서하는 성향],[타인을 용서하는 성향],"시간이 지나면, 과거에 실수했던 사람을 이해할 수 있다 ",YRRS1A08,문31-8
,[특별모듈],[용서하는 성향],[용서하는 성향],[용서하는 성향],[타인을 용서하는 성향],나에게 상처를 주었던 사람을 계속 매정하게 대한다 ,YRRS1A09,문31-9
,[특별모듈],[용서하는 성향],[용서하는 성향],[용서하는 성향],[타인을 용서하는 성향],"과거에 나에게 상처를 주었던 사람이라도, 결국 그 사람을 좋은 사람이라고 여길 수 있다 ",YRRS1A10,문31-10
,[특별모듈],[용서하는 성향],[용서하는 성향],[용서하는 성향],[타인을 용서하는 성향],"만약 어떤 사람이 나를 함부로 대한다면, 그들을 계속 나쁘게 생각할 것이다 ",YRRS1A11,문31-11
,[특별모듈],[용서하는 성향],[용서하는 성향],[용서하는 성향],[타인을 용서하는 성향],누군가에게 실망을 했더라도 나중에는 그것을 대수롭지 않게 여길 수 있다 ,YRRS1A12,문31-12
,[특별모듈],[용서하는 성향],[용서하는 성향],[용서하는 성향],[상황을 용서하는 성향],"어쩔 수 없는 이유로 무언가가 잘못되었을 때, 그것에 대한 부정적인 생각에 사로잡힌다 ",YRRS1A13,문31-13
,[특별모듈],[용서하는 성향],[용서하는 성향],[용서하는 성향],[상황을 용서하는 성향],시간이 지나면 인생의 나쁜 상황을 받아들일 수 있다 ,YRRS1A14,문31-14
,[특별모듈],[용서하는 성향],[용서하는 성향],[용서하는 성향],[상황을 용서하는 성향],"어쩔 수 없는 상황으로 인해 실망하게 될 때, 계속 부정적으로 생각한다",YRRS1A15,문31-15
,[특별모듈],[용서하는 성향],[용서하는 성향],[용서하는 성향],[상황을 용서하는 성향],살아가면서 나쁜 상황이 생기더라도 결국 그것을 받아들일 수 있다,YRRS1A16,문31-16
,[특별모듈],[용서하는 성향],[용서하는 성향],[용서하는 성향],[상황을 용서하는 성향],"그 누구의 잘못도 아닌데 부정적인 상황이 발생했다면, 그것을 받아들이기 어려울 것이다 ",YRRS1A17,문31-17
,[특별모듈],[용서하는 성향],[용서하는 성향],[용서하는 성향],[상황을 용서하는 성향],통제할 수 없는 나쁜 상황에 대한 부정적인 생각들을 결국에는 흘려버릴 것이다 ,YRRS1A18,문31-18
,[병역],[병역],[병역],[병역],-,(남자만 응답) 귀하의 병역관계는 다음 중 어디에 해당됩니까?,YALL1A01,문32
,[보호자관계],[보호자관계],[보호자관계],[보호자관계],-,현재 부모님(부모님이 안 계신 경우에는 보호자)과 함께 살고 있습니까?,YALL1B01,문33
,[보호자관계],[보호자관계],[보호자관계],[보호자관계],-,부모님(부모님이 안 계신 경우에는 보호자)와 떨어져서 살고 있는 주된 이유는 무엇입니까?,YALL1B02,문33-1
,[보호자관계],[보호자관계],[보호자관계],[보호자관계],-,부모님(부모님이 안 계신 경우에는 보호자)와 떨어져서 살고 있는 주된 이유는 무엇입니까?_기타(적을 것),YALL1B02_T,문33-1_T
,[아르바이트],[아르바이트],[아르바이트],[아르바이트],-,현재 아르바이트(일 제외)를 하고 있습니까?,YALL1C01,문34
,[아르바이트],[아르바이트],[아르바이트],[아르바이트],-,현재 아르바이트를 하는 가장 주된 이유는 무엇입니까?,YALL1C02,문34-1
,[아르바이트],[아르바이트],[아르바이트],[아르바이트],-,현재 아르바이트를 하는 가장 주된 이유는 무엇입니까?_기타(적을 것),YALL1C02_T,문34-1_T
,[아르바이트],[아르바이트],[아르바이트],[아르바이트],-,현재 자신이 하고 있는 아르바이트에 대해서 얼마나 만족하십니까?,YALL1C03,문34-2
,[현재소속],[현재소속],[현재소속],[현재소속],-,현재 귀하는 다음 중 어디에 해당됩니까? ,YALL1C04,문35
,[대학(원)생],[대학(원)생],[대학(원)생],[대학(원)생],-,대학교 위치,YUNI1A01,문36
,[대학(원)생],[대학(원)생],[대학(원)생],[대학(원)생],-,대학교 구분,YUNI1A02,문37
,[대학(원)생],[대학(원)생],[대학(원)생],[대학(원)생],-,대학교 유형,YUNI1A03,문38
,[대학(원)생],[대학(원)생],[대학(원)생],[대학(원)생],-,현재 학년,YUNI1A04,문39
,[대학(원)생],[대학(원)생],[대학(원)생],[대학(원)생],-,현재 전공,YUNI1A05,문40
,[대학(원)생],[대학(원)생],[대학(원)생],[대학(원)생],-,사회적 평판(평가),YUNI1B01,문41-1
,[대학(원)생],[대학(원)생],[대학(원)생],[대학(원)생],-,졸업 후 취업 전망,YUNI1B02,문41-2
,[대학(원)생],[대학(원)생],[대학(원)생],[대학(원)생],-,부모님(가족)의 권유,YUNI1B03,문41-3
,[대학(원)생],[대학(원)생],[대학(원)생],[대학(원)생],-,친구 또는 친지의 권유,YUNI1B04,문41-4
,[대학(원)생],[대학(원)생],[대학(원)생],[대학(원)생],-,학교선생님의 권유,YUNI1B05,문41-5
,[대학(원)생],[대학(원)생],[대학(원)생],[대학(원)생],-,자신의 관심과 적성,YUNI1B06,문41-6
,[대학(원)생],[대학(원)생],[대학(원)생],[대학(원)생],-,자신의 성적(수능/내신),YUNI1B07,문41-7
,[대학(원)생],[대학(원)생],[등록금],[등록금],-,등록금 금액,YUNI1C01,문47
,[대학(원)생],[대학(원)생],[등록금],[등록금],-,등록금 마련 방안,YUNI1C02,문48
,[대학(원)생],[대학(원)생],[등록금],[등록금],-,등록금 마련 방안,YUNI1C02_T,문48_T
,[대학(원)생],[대학(원)생],[등록금],[등록금],-,등록금에 의한 경제적 부담,YUNI1C03,문49
,[취업자],[취업자],[취업자],[취업자],-,직장 위치,YJOB1A01,문50
,[취업자],[취업자],[취업자],[취업자],-,직장생활 만족도,YJOB1A02,문51
,[취업자],[취업자],[취업자],[취업자],-,직종,YJOB1A03,문52
,[취업자],[취업자],[취업자],[취업자],-,직장 내 지위,YJOB1A04,문53
,[취업자],[취업자],[취업자],[취업자],-,월평균 근로소득,YJOB1A05,문54
,[취업자],[취업자],[취업자],[취업자],-,취업 정보 얻은 경로,YJOB1A06,문55
,[취업자],[취업자],[취업자],[취업자],-,취업 정보 얻은 경로_기타(적을 것),YJOB1A06_T,문55_T
,[취업자],[취업자],[취업자],[취업자],-,원하던 직장,YJOB1A07,문56
,[취업자],[취업자],[취업자],[취업자],-,임금(소득),YJOB1B01,문57-1
,[취업자],[취업자],[취업자],[취업자],-,고용 안정성,YJOB1B02,문57-2
,[취업자],[취업자],[취업자],[취업자],-,복리후생,YJOB1B03,문57-3
,[취업자],[취업자],[취업자],[취업자],-,업무내용,YJOB1B04,문57-4
,[취업자],[취업자],[취업자],[취업자],-,"근무환경(시설, 위생상태, 안전도 등)",YJOB1B05,문57-5
,[취업자],[취업자],[취업자],[취업자],-,발전가능성,YJOB1B06,문57-6
,[취업자],[취업자],[취업자],[취업자],-,이직의사,YJOB1C01,문58
,[취업자],[취업자],[취업자],[취업자],-,대학 진학 의사,YJOB1C02,문59
,[무직자],[무직자],[무직자],[무직자],-,진학/취업 준비,YNON1A01,문60
,[무직자],[무직자],[무직자],[무직자],-,진학/취업 가능성,YNON1A02,문60-1
,[무직자],[무직자],[무직자],[무직자],-,진학/취업 미진 이유,YNON1A03,문60-2
,[무직자],[무직자],[무직자],[무직자],-,진학/취업 미진 이유_기타(적을 것),YNON1A03_T,문60-2_T
