Unnamed: 0,한국아동·청소년패널조사 2018 보호자용 변수 레이아웃,Unnamed: 2,Unnamed: 3,Unnamed: 4,Unnamed: 5,Unnamed: 6,Unnamed: 7,Unnamed: 8,Unnamed: 9,Unnamed: 10,Unnamed: 11,Unnamed: 12,Unnamed: 13,Unnamed: 14
,,,,,,,,,,,,,,
,! 시트명 변경 시 하이퍼링크가 작동하지 않음,,,,,,,,,,,,,
,대영역,중영역,소영역,조사항목,하위요인,변수설명,변수명,변수유무,,,,,,
,,,,,,,,w1,w2,w3,w4,w5,w6,w7
,-,-,-,-,-,ID (종단자료 연계를 위한 고유 ID),ID,Y,Y,Y,Y,Y,Y,Y
,-,-,-,-,-,가구 ID,HID,Y,Y,Y,Y,Y,Y,Y
,-,-,-,-,-,개인 ID,PID,Y,Y,Y,Y,Y,Y,Y
,-,-,-,-,-,온라인 조사 여부,PONLINE,,,Y,,,,
,[배경변인],-,-,-,-,학생과의 관계,PARENT,SQ1,SQ1,SQ1,SQ1,SQ1,SQ1,SQ1
,[배경변인],-,-,-,-,학생 생년,PYBRT1A,SQ2,SQ2,SQ2,SQ2,SQ2,SQ2,SQ2
,[배경변인],-,-,-,-,학생 생월,PYBRT1B,SQ2,SQ2,SQ2,SQ2,SQ2,SQ2,SQ2
,[배경변인],-,-,-,-,학생 성별,PYGENDER,SQ3,SQ3,SQ3,SQ3,SQ3,SQ3,SQ3
,[배경변인],-,-,-,-,월 평균 가구 소득,PINCOME,문23,문23,문23,문23,문23,문23,문23
,[배경변인],-,-,-,-,주관적 가정의 경제수준,PINCOME1,문24,문24,문24,문24,문24,문24,문24
,[배경변인],-,-,[자녀의 출생지],-,[자녀의 출생지]-국내외 여부,PYBRP1,문1,문1,문1,문1,문1,문1,문1
,[배경변인],-,-,[자녀의 출생지],-,[자녀의 출생지]-국내 시/도,PYBRP2,문1-1,문1-1,문1-1,문1-1,문1-1,문1-1,문1-1
,[배경변인],-,-,[자녀의 출생지],-,[자녀의 출생지]-해외 국가명,PYBRP3,문1-2,문1-2,문1-2,문1-2,문1-2,문1-2,문1-2
,[배경변인],-,-,[본인의 출생지],-,[본인의 출생지]-국내외 여부,PBRP1,문20,문20,문20,문20,문20,문20,문20
,[배경변인],-,-,[본인의 출생지],-,[본인의 출생지]-국내 시/도,PBRP2,문20-1,문20-1,문20-1,문20-1,문20-1,문20-1,문20-1
,[배경변인],-,-,[본인의 출생지],-,[본인의 출생지]-해외 국가명,PBRP3,문20-2,문20-2,문20-2,문20-2,문20-2,문20-2,문20-2
,[배경변인],-,-,[최종학력],-,[최종학력]-아버지,PSCHOOL1,문21-1,문21-1,문21-1,문21-1,문21-1,문21-1,문21-1
,[배경변인],-,-,[최종학력],-,[최종학력]-어머니,PSCHOOL2,문21-2,문21-2,문21-2,문21-2,문21-2,문21-2,문21-2
,[배경변인],-,-,[최종학력],-,[최종학력]-보호자,PSCHOOL3,문21-3,문21-3,문21-3,문21-3,문21-3,문21-3,문21-3
,[배경변인],-,-,[주간노동시간],-,[주간노동시간]-아버지,PWORKW1,문22-1,문22-1,문22-1,문22-1,문22-1,문22-1,문22-1
,[배경변인],-,-,[주간노동시간],-,[주간노동시간]-어머니,PWORKW2,문22-2,문22-2,문22-2,문22-2,문22-2,문22-2,문22-2
,[배경변인],-,-,[주간노동시간],-,[주간노동시간]-보호자,PWORKW3,문22-3,문22-3,문22-3,문22-3,문22-3,문22-3,문22-3
,[배경변인],-,-,[직업],-,[직업]-아버지,PJOB1,문22-1-1,문22-1-1,문22-1-1,문22-1-1,문22-1-1,문22-1-1,문22-1-1
,[배경변인],-,-,[직업],-,[직업]-어머니,PJOB2,문22-1-2,문22-1-2,문22-1-2,문22-1-2,문22-1-2,문22-1-2,문22-1-2
,[배경변인],-,-,[직업],-,[직업]-보호자,PJOB3,문22-1-3,문22-1-3,문22-1-3,문22-1-3,문22-1-3,문22-1-3,문22-1-3
,[배경변인],-,-,[직업],-,[직업]-기타_아버지,PJOB1_T,문22-1-1_T,문22-1-1_T,문22-1-1_T,문22-1-1_T,문22-1-1_T,문22-1-1_T,문22-1-1_T
,[배경변인],-,-,[직업],-,[직업]-기타_어머니,PJOB2_T,문22-1-2_T,문22-1-2_T,문22-1-2_T,문22-1-2_T,문22-1-2_T,문22-1-2_T,문22-1-2_T
,[배경변인],-,-,[직업],-,[직업]-기타_보호자,PJOB3_T,문22-1-3_T,문22-1-3_T,문22-1-3_T,문22-1-3_T,문22-1-3_T,문22-1-3_T,문22-1-3_T
,[아동·청소년 발달 배경],[가정],[구성원],[가구 구성원],-,가구원수,PHOMPOP,HQ1,HQ1,HQ1,HQ1,HQ1,HQ1,HQ1
,[아동·청소년 발달 배경],[가정],[구성원],[가구 구성원],-,가구원 상세1 관계,PRELATE1,HQ2-1,,,,,,
,[아동·청소년 발달 배경],[가정],[구성원],[가구 구성원],-,가구원 상세1 성별,PGENDER1,HQ2-1,,,,,,
,[아동·청소년 발달 배경],[가정],[구성원],[가구 구성원],-,가구원 상세1 생년,PBRTA1,HQ2-1,,,,,,
,[아동·청소년 발달 배경],[가정],[구성원],[가구 구성원],-,가구원 상세1 생월,PBRTB1,HQ2-1,,,,,,
,[아동·청소년 발달 배경],[가정],[구성원],[가구 구성원],-,가구원 상세2 관계,PRELATE2,HQ2-2,,,,,,
,[아동·청소년 발달 배경],[가정],[구성원],[가구 구성원],-,가구원 상세2 성별,PGENDER2,HQ2-2,,,,,,
,[아동·청소년 발달 배경],[가정],[구성원],[가구 구성원],-,가구원 상세2 생년,PBRTA2,HQ2-2,,,,,,
,[아동·청소년 발달 배경],[가정],[구성원],[가구 구성원],-,가구원 상세2 생월,PBRTB2,HQ2-2,,,,,,
,[아동·청소년 발달 배경],[가정],[구성원],[가구 구성원],-,가구원 상세3 관계,PRELATE3,HQ2-3,,,,,,
,[아동·청소년 발달 배경],[가정],[구성원],[가구 구성원],-,가구원 상세3 성별,PGENDER3,HQ2-3,,,,,,
,[아동·청소년 발달 배경],[가정],[구성원],[가구 구성원],-,가구원 상세3 생년,PBRTA3,HQ2-3,,,,,,
,[아동·청소년 발달 배경],[가정],[구성원],[가구 구성원],-,가구원 상세3 생월,PBRTB3,HQ2-3,,,,,,
,[아동·청소년 발달 배경],[가정],[구성원],[가구 구성원],-,가구원 상세4 관계,PRELATE4,HQ2-4,,,,,,
,[아동·청소년 발달 배경],[가정],[구성원],[가구 구성원],-,가구원 상세4 성별,PGENDER4,HQ2-4,,,,,,
,[아동·청소년 발달 배경],[가정],[구성원],[가구 구성원],-,가구원 상세4 생년,PBRTA4,HQ2-4,,,,,,
,[아동·청소년 발달 배경],[가정],[구성원],[가구 구성원],-,가구원 상세4 생월,PBRTB4,HQ2-4,,,,,,
,[아동·청소년 발달 배경],[가정],[구성원],[가구 구성원],-,가구원 상세5 관계,PRELATE5,HQ2-5,,,,,,
,[아동·청소년 발달 배경],[가정],[구성원],[가구 구성원],-,가구원 상세5 성별,PGENDER5,HQ2-5,,,,,,
,[아동·청소년 발달 배경],[가정],[구성원],[가구 구성원],-,가구원 상세5 생년,PBRTA5,HQ2-5,,,,,,
,[아동·청소년 발달 배경],[가정],[구성원],[가구 구성원],-,가구원 상세5 생월,PBRTB5,HQ2-5,,,,,,
,[아동·청소년 발달 배경],[가정],[구성원],[가구 구성원],-,가구원 상세6 관계,PRELATE6,HQ2-6,,,,,,
,[아동·청소년 발달 배경],[가정],[구성원],[가구 구성원],-,가구원 상세6 성별,PGENDER6,HQ2-6,,,,,,
,[아동·청소년 발달 배경],[가정],[구성원],[가구 구성원],-,가구원 상세6 생년,PBRTA6,HQ2-6,,,,,,
,[아동·청소년 발달 배경],[가정],[구성원],[가구 구성원],-,가구원 상세6 생월,PBRTB6,HQ2-6,,,,,,
,[아동·청소년 발달 배경],[가정],[구성원],[가구 구성원],-,가구원 상세7 관계,PRELATE7,HQ2-7,,,,,,
,[아동·청소년 발달 배경],[가정],[구성원],[가구 구성원],-,가구원 상세7 성별,PGENDER7,HQ2-7,,,,,,
,[아동·청소년 발달 배경],[가정],[구성원],[가구 구성원],-,가구원 상세7 생년,PBRTA7,HQ2-7,,,,,,
,[아동·청소년 발달 배경],[가정],[구성원],[가구 구성원],-,가구원 상세7 생월,PBRTB7,HQ2-7,,,,,,
,[아동·청소년 발달 배경],[가정],[구성원],[가구 구성원],-,가구원 상세8 관계,PRELATE8,HQ2-8,,,,,,
,[아동·청소년 발달 배경],[가정],[구성원],[가구 구성원],-,가구원 상세8 성별,PGENDER8,HQ2-8,,,,,,
,[아동·청소년 발달 배경],[가정],[구성원],[가구 구성원],-,가구원 상세8 생년,PBRTA8,HQ2-8,,,,,,
,[아동·청소년 발달 배경],[가정],[구성원],[가구 구성원],-,가구원 상세8 생월,PBRTB8,HQ2-8,,,,,,
,[아동·청소년 발달 배경],[가정],[구성원],[가구 구성원],-,가구원 상세1 관계 (w1의 경우 가구정보를 활용하여 w2 이후의 변수 형태로 재구성),PFRELATION1,Y,HQ2-1,HQ2-1,HQ2-1,HQ2-1,HQ2-1,HQ2-1
,[아동·청소년 발달 배경],[가정],[구성원],[가구 구성원],-,가구원 상세1 성별 (w1의 경우 가구정보를 활용하여 w2 이후의 변수 형태로 재구성),PFGENDER1,Y,HQ2-2,HQ2-2,HQ2-2,HQ2-2,HQ2-2,HQ2-2
,[아동·청소년 발달 배경],[가정],[구성원],[가구 구성원],-,가구원 상세1 생년 (w1의 경우 가구정보를 활용하여 w2 이후의 변수 형태로 재구성),PFBRTA1,Y,HQ2-3,HQ2-3,HQ2-3,HQ2-3,HQ2-3,HQ2-3
,[아동·청소년 발달 배경],[가정],[구성원],[가구 구성원],-,가구원 상세1 생월 (w1의 경우 가구정보를 활용하여 w2 이후의 변수 형태로 재구성),PFBRTB1,Y,HQ2-3,HQ2-3,HQ2-3,HQ2-3,HQ2-3,HQ2-3
,[아동·청소년 발달 배경],[가정],[구성원],[가구 구성원],-,가구원 상세2 관계 (w1의 경우 가구정보를 활용하여 w2 이후의 변수 형태로 재구성),PFRELATION2,Y,HQ2-1,HQ2-1,HQ2-1,HQ2-1,HQ2-1,HQ2-1
,[아동·청소년 발달 배경],[가정],[구성원],[가구 구성원],-,가구원 상세2 성별 (w1의 경우 가구정보를 활용하여 w2 이후의 변수 형태로 재구성),PFGENDER2,Y,HQ2-2,HQ2-2,HQ2-2,HQ2-2,HQ2-2,HQ2-2
,[아동·청소년 발달 배경],[가정],[구성원],[가구 구성원],-,가구원 상세2 생년 (w1의 경우 가구정보를 활용하여 w2 이후의 변수 형태로 재구성),PFBRTA2,Y,HQ2-3,HQ2-3,HQ2-3,HQ2-3,HQ2-3,HQ2-3
,[아동·청소년 발달 배경],[가정],[구성원],[가구 구성원],-,가구원 상세2 생월 (w1의 경우 가구정보를 활용하여 w2 이후의 변수 형태로 재구성),PFBRTB2,Y,HQ2-3,HQ2-3,HQ2-3,HQ2-3,HQ2-3,HQ2-3
,[아동·청소년 발달 배경],[가정],[구성원],[가구 구성원],-,가구원 상세3 관계 (w1의 경우 가구정보를 활용하여 w2 이후의 변수 형태로 재구성),PFRELATION3,Y,HQ2-1,HQ2-1,HQ2-1,HQ2-1,HQ2-1,HQ2-1
,[아동·청소년 발달 배경],[가정],[구성원],[가구 구성원],-,가구원 상세3 성별 (w1의 경우 가구정보를 활용하여 w2 이후의 변수 형태로 재구성),PFGENDER3,Y,HQ2-2,HQ2-2,HQ2-2,HQ2-2,HQ2-2,HQ2-2
,[아동·청소년 발달 배경],[가정],[구성원],[가구 구성원],-,가구원 상세3 생년 (w1의 경우 가구정보를 활용하여 w2 이후의 변수 형태로 재구성),PFBRTA3,Y,HQ2-3,HQ2-3,HQ2-3,HQ2-3,HQ2-3,HQ2-3
,[아동·청소년 발달 배경],[가정],[구성원],[가구 구성원],-,가구원 상세3 생월 (w1의 경우 가구정보를 활용하여 w2 이후의 변수 형태로 재구성),PFBRTB3,Y,HQ2-3,HQ2-3,HQ2-3,HQ2-3,HQ2-3,HQ2-3
,[아동·청소년 발달 배경],[가정],[구성원],[가구 구성원],-,가구원 상세4 관계 (w1의 경우 가구정보를 활용하여 w2 이후의 변수 형태로 재구성),PFRELATION4,Y,HQ2-1,HQ2-1,HQ2-1,HQ2-1,HQ2-1,HQ2-1
,[아동·청소년 발달 배경],[가정],[구성원],[가구 구성원],-,가구원 상세4 성별 (w1의 경우 가구정보를 활용하여 w2 이후의 변수 형태로 재구성),PFGENDER4,Y,HQ2-2,HQ2-2,HQ2-2,HQ2-2,HQ2-2,HQ2-2
,[아동·청소년 발달 배경],[가정],[구성원],[가구 구성원],-,가구원 상세4 생년 (w1의 경우 가구정보를 활용하여 w2 이후의 변수 형태로 재구성),PFBRTA4,Y,HQ2-3,HQ2-3,HQ2-3,HQ2-3,HQ2-3,HQ2-3
,[아동·청소년 발달 배경],[가정],[구성원],[가구 구성원],-,가구원 상세4 생월 (w1의 경우 가구정보를 활용하여 w2 이후의 변수 형태로 재구성),PFBRTB4,Y,HQ2-3,HQ2-3,HQ2-3,HQ2-3,HQ2-3,HQ2-3
,[아동·청소년 발달 배경],[가정],[구성원],[가구 구성원],-,가구원 상세5 관계 (w1의 경우 가구정보를 활용하여 w2 이후의 변수 형태로 재구성),PFRELATION5,Y,HQ2-1,HQ2-1,HQ2-1,HQ2-1,HQ2-1,HQ2-1
,[아동·청소년 발달 배경],[가정],[구성원],[가구 구성원],-,가구원 상세5 성별 (w1의 경우 가구정보를 활용하여 w2 이후의 변수 형태로 재구성),PFGENDER5,Y,HQ2-2,HQ2-2,HQ2-2,HQ2-2,HQ2-2,HQ2-2
,[아동·청소년 발달 배경],[가정],[구성원],[가구 구성원],-,가구원 상세5 생년 (w1의 경우 가구정보를 활용하여 w2 이후의 변수 형태로 재구성),PFBRTA5,Y,HQ2-3,HQ2-3,HQ2-3,HQ2-3,HQ2-3,HQ2-3
,[아동·청소년 발달 배경],[가정],[구성원],[가구 구성원],-,가구원 상세5 생월 (w1의 경우 가구정보를 활용하여 w2 이후의 변수 형태로 재구성),PFBRTB5,Y,HQ2-3,HQ2-3,HQ2-3,HQ2-3,HQ2-3,HQ2-3
,[아동·청소년 발달 배경],[가정],[구성원],[가구 구성원],-,가구원 상세6 관계 (w1의 경우 가구정보를 활용하여 w2 이후의 변수 형태로 재구성),PFRELATION6,Y,HQ2-1,HQ2-1,HQ2-1,HQ2-1,HQ2-1,HQ2-1
,[아동·청소년 발달 배경],[가정],[구성원],[가구 구성원],-,가구원 상세6 성별 (w1의 경우 가구정보를 활용하여 w2 이후의 변수 형태로 재구성),PFGENDER6,Y,HQ2-2,HQ2-2,HQ2-2,HQ2-2,HQ2-2,HQ2-2
,[아동·청소년 발달 배경],[가정],[구성원],[가구 구성원],-,가구원 상세6 생년 (w1의 경우 가구정보를 활용하여 w2 이후의 변수 형태로 재구성),PFBRTA6,Y,HQ2-3,HQ2-3,HQ2-3,HQ2-3,HQ2-3,HQ2-3
,[아동·청소년 발달 배경],[가정],[구성원],[가구 구성원],-,가구원 상세6 생월 (w1의 경우 가구정보를 활용하여 w2 이후의 변수 형태로 재구성),PFBRTB6,Y,HQ2-3,HQ2-3,HQ2-3,HQ2-3,HQ2-3,HQ2-3
,[아동·청소년 발달 배경],[가정],[구성원],[가구 구성원],-,가구원 상세7 관계 (w1의 경우 가구정보를 활용하여 w2 이후의 변수 형태로 재구성),PFRELATION7,Y,HQ2-1,HQ2-1,HQ2-1,HQ2-1,HQ2-1,HQ2-1
,[아동·청소년 발달 배경],[가정],[구성원],[가구 구성원],-,가구원 상세7 성별 (w1의 경우 가구정보를 활용하여 w2 이후의 변수 형태로 재구성),PFGENDER7,Y,HQ2-2,HQ2-2,HQ2-2,HQ2-2,HQ2-2,HQ2-2
,[아동·청소년 발달 배경],[가정],[구성원],[가구 구성원],-,가구원 상세7 생년 (w1의 경우 가구정보를 활용하여 w2 이후의 변수 형태로 재구성),PFBRTA7,Y,HQ2-3,HQ2-3,HQ2-3,HQ2-3,HQ2-3,HQ2-3
,[아동·청소년 발달 배경],[가정],[구성원],[가구 구성원],-,가구원 상세7 생월 (w1의 경우 가구정보를 활용하여 w2 이후의 변수 형태로 재구성),PFBRTB7,Y,HQ2-3,HQ2-3,HQ2-3,HQ2-3,HQ2-3,HQ2-3
,[아동·청소년 발달 배경],[가정],[구성원],[가구 구성원],-,가구원 상세8 관계 (w1의 경우 가구정보를 활용하여 w2 이후의 변수 형태로 재구성),PFRELATION8,Y,HQ2-1,HQ2-1,HQ2-1,HQ2-1,HQ2-1,HQ2-1
,[아동·청소년 발달 배경],[가정],[구성원],[가구 구성원],-,가구원 상세8 성별 (w1의 경우 가구정보를 활용하여 w2 이후의 변수 형태로 재구성),PFGENDER8,Y,HQ2-2,HQ2-2,HQ2-2,HQ2-2,HQ2-2,HQ2-2
,[아동·청소년 발달 배경],[가정],[구성원],[가구 구성원],-,가구원 상세8 생년 (w1의 경우 가구정보를 활용하여 w2 이후의 변수 형태로 재구성),PFBRTA8,Y,HQ2-3,HQ2-3,HQ2-3,HQ2-3,HQ2-3,HQ2-3
,[아동·청소년 발달 배경],[가정],[구성원],[가구 구성원],-,가구원 상세8 생월 (w1의 경우 가구정보를 활용하여 w2 이후의 변수 형태로 재구성),PFBRTB8,Y,HQ2-3,HQ2-3,HQ2-3,HQ2-3,HQ2-3,HQ2-3
,[아동·청소년 발달 배경],[가정],[구성원],[가구 구성원],-,가구원 상세9 관계,PFRELATION9,,,HQ2-1,HQ2-1,HQ2-1,HQ2-1,HQ2-1
,[아동·청소년 발달 배경],[가정],[구성원],[가구 구성원],-,가구원 상세9 성별,PFGENDER9,,,HQ2-2,HQ2-2,HQ2-2,HQ2-2,HQ2-2
,[아동·청소년 발달 배경],[가정],[구성원],[가구 구성원],-,가구원 상세9 생년,PFBRTA9,,,HQ2-3,HQ2-3,HQ2-3,HQ2-3,HQ2-3
,[아동·청소년 발달 배경],[가정],[구성원],[가구 구성원],-,가구원 상세9 생월,PFBRTB9,,,HQ2-3,HQ2-3,HQ2-3,HQ2-3,HQ2-3
,[아동·청소년 발달 배경],[가정],[구성원],[가구 구성원],-,자녀와 함께사는 가구원,PFAM1A00,문2,문2,문2,문2,문2,문2,문2
,[아동·청소년 발달 배경],[가정],[구성원],[가구 구성원],-,자녀와 함께사는 가구원 기타,PFAM1A00_T,문2_T,문2_T,문2_T,문2_T,문2_T,문2_T,문2_T
,[아동·청소년 발달 배경],[가정],[구성원 역할],[역할별 구성원],-,자녀의 주양육자,PFAM2A01,문4-1,문4-1,문4-1,문4-1,문4-1,문4-1,문4-1
,[아동·청소년 발달 배경],[가정],[구성원 역할],[역할별 구성원],-,자녀의 주양육자 기타,PFAM2A01_T,문4-1_T,문4-1_T,문4-1_T,문4-1_T,문4-1_T,문4-1_T,문4-1_T
,[아동·청소년 발달 배경],[가정],[구성원 역할],[역할별 구성원],-,자녀의 학교 관련 일정을 주로 관리하는 보호자,PFAM2A02,문4-2,문4-2,문4-2,문4-2,문4-2,문4-2,문4-2
,[아동·청소년 발달 배경],[가정],[구성원 역할],[역할별 구성원],-,자녀의 학교 관련 일정을 주로 관리하는 보호자 기타,PFAM2A02_T,문4-2_T,문4-2_T,문4-2_T,문4-2_T,문4-2_T,문4-2_T,문4-2_T
,[아동·청소년 발달 배경],[가정],[구성원 역할],[역할별 구성원],-,자녀의 사교육 관련 일정을 주로 관리하는 보호자,PFAM2A03,문4-3,문4-3,문4-3,문4-3,문4-3,문4-3,문4-3
,[아동·청소년 발달 배경],[가정],[구성원 역할],[역할별 구성원],-,자녀의 사교육 관련 일정을 주로 관리하는 보호자 기타,PFAM2A03_T,문4-3_T,문4-3_T,문4-3_T,문4-3_T,문4-3_T,문4-3_T,문4-3_T
,[아동·청소년 발달 배경],[가정],[구성원 역할],[역할별 구성원],-,자녀의 교우관계 형성에 주로 관여하는 보호자,PFAM2A04,문4-4,문4-4,문4-4,문4-4,문4-4,문4-4,문4-4
,[아동·청소년 발달 배경],[가정],[구성원 역할],[역할별 구성원],-,자녀의 교우관계 형성에 주로 관여하는 보호자 기타,PFAM2A04_T,문4-4_T,문4-4_T,문4-4_T,문4-4_T,문4-4_T,문4-4_T,문4-4_T
,[아동·청소년 발달 배경],[가정],[보호자 관점],[자녀의 학업성취 정도],-,지난 학기 전 과목 성적 수준,PFAM3A00,문6,문6,문6,문6,문6,문6,문6
,[아동·청소년 발달 배경],[가정],[보호자 관점],[자녀의 학교성적 만족도],-,지난 학기 학교성적 만족 수준,PFAM3B00,문7,문7,문7,문7,문7,문7,문7
,[아동·청소년 발달 배경],[가정],[보호자 관점],[자녀의 학교생활 만족도],-,지난 학기 학교생활 만족 수준,PFAM3C00,문8,문8,문8,문8,문8,문8,문8
,[아동·청소년 발달 배경],[가정],[보호자 관점],[자녀의 학교생활 만족도],[온라인 개학],지난 학기 온라인 개학 학교생활 만족 수준,PFAM3C01,,,문8-1,,,,
,[아동·청소년 발달 배경],[가정],[보호자 관점],[자녀의 학교생활 만족도],[등교 개학],지난 학기 등교 개학 학교생활 만족 수준,PFAM3C02,,,문8-2,,,,
,[아동·청소년 발달 배경],[가정],[보호자 관점],[자녀의 장래희망 교육수준],-,향후 목표하는 학업 수준,PFAM3D00,문9,문9,문9,문9,문9,문9,문9
,[아동·청소년 발달 배경],[가정],[보호자 관점],[자녀의 일주일 평균 수업 일수],[등교수업],지난 학기 일주일 평균 등교수업 일수,PFAM3E01,,,,문8-1,,,
,[아동·청소년 발달 배경],[가정],[보호자 관점],[자녀의 일주일 평균 수업 일수],[원격수업],지난 학기 일주일 평균 원격수업 일수,PFAM3E02,,,,문8-1,,,
,[아동·청소년 발달 배경],[가정],[보호자 관점],[자녀의 학교생활 만족도],[등교수업],지난 학기 등교수업 만족도,PFAM3F01,,,,문8-2,,,
,[아동·청소년 발달 배경],[가정],[보호자 관점],[자녀의 학교생활 만족도],[원격수업],지난 학기 원격수업 만족도,PFAM3F02,,,,문8-3,,,
,[아동·청소년 발달 배경],[가정],[자녀],[자녀 수],-,명,PFAM6A00,,문5,문5,문5,문5,문5,문5
,[아동·청소년 발달 배경],[가정],[자녀],[자녀 중 원패널의 출생 순서],-,번째,PFAM6B00,,문5-1,문5-1,문5-1,문5-1,문5-1,문5-1
,[아동·청소년 발달 배경],[가정],[조사대상 관계],[자녀와 함께 보내는 시간-원패널],-,평일_시,PFAM4A01,문5a,,,,,,
,[아동·청소년 발달 배경],[가정],[조사대상 관계],[자녀와 함께 보내는 시간-원패널],-,평일_분,PFAM4A02,문5a,,,,,,
,[아동·청소년 발달 배경],[가정],[조사대상 관계],[자녀와 함께 보내는 시간-원패널],-,주말_시,PFAM4A03,문5b,,,,,,
,[아동·청소년 발달 배경],[가정],[조사대상 관계],[자녀와 함께 보내는 시간-원패널],-,주말_분,PFAM4A04,문5b,,,,,,
,[아동·청소년 발달 배경],[가정],[조사대상 관계],[자녀와 함께 보내는 시간-첫째 자녀],-,평일_시,PFAM5A01,,문5-1a,문5-1a,문5-1a,문5-1a,문5-1a,문5-1a
,[아동·청소년 발달 배경],[가정],[조사대상 관계],[자녀와 함께 보내는 시간-첫째 자녀],-,평일_분,PFAM5A02,,문5-1a,문5-1a,문5-1a,문5-1a,문5-1a,문5-1a
,[아동·청소년 발달 배경],[가정],[조사대상 관계],[자녀와 함께 보내는 시간-첫째 자녀],-,주말_시,PFAM5A03,,문5-1b,문5-1b,문5-1b,문5-1b,문5-1b,문5-1b
,[아동·청소년 발달 배경],[가정],[조사대상 관계],[자녀와 함께 보내는 시간-첫째 자녀],-,주말_분,PFAM5A04,,문5-1b,문5-1b,문5-1b,문5-1b,문5-1b,문5-1b
,[아동·청소년 발달 배경],[가정],[조사대상 관계],[자녀와 함께 보내는 시간-둘째 자녀],-,평일_시,PFAM5B01,,문5-1a,문5-1a,문5-1a,문5-1a,문5-1a,문5-1a
,[아동·청소년 발달 배경],[가정],[조사대상 관계],[자녀와 함께 보내는 시간-둘째 자녀],-,평일_분,PFAM5B02,,문5-1a,문5-1a,문5-1a,문5-1a,문5-1a,문5-1a
,[아동·청소년 발달 배경],[가정],[조사대상 관계],[자녀와 함께 보내는 시간-둘째 자녀],-,주말_시,PFAM5B03,,문5-1b,문5-1b,문5-1b,문5-1b,문5-1b,문5-1b
,[아동·청소년 발달 배경],[가정],[조사대상 관계],[자녀와 함께 보내는 시간-둘째 자녀],-,주말_분,PFAM5B04,,문5-1b,문5-1b,문5-1b,문5-1b,문5-1b,문5-1b
,[아동·청소년 발달 배경],[가정],[조사대상 관계],[자녀와 함께 보내는 시간-셋째 자녀],-,평일_시,PFAM5C01,,문5-1a,문5-1a,문5-1a,문5-1a,문5-1a,문5-1a
,[아동·청소년 발달 배경],[가정],[조사대상 관계],[자녀와 함께 보내는 시간-셋째 자녀],-,평일_분,PFAM5C02,,문5-1a,문5-1a,문5-1a,문5-1a,문5-1a,문5-1a
,[아동·청소년 발달 배경],[가정],[조사대상 관계],[자녀와 함께 보내는 시간-셋째 자녀],-,주말_시,PFAM5C03,,문5-1b,문5-1b,문5-1b,문5-1b,문5-1b,문5-1b
,[아동·청소년 발달 배경],[가정],[조사대상 관계],[자녀와 함께 보내는 시간-셋째 자녀],-,주말_분,PFAM5C04,,문5-1b,문5-1b,문5-1b,문5-1b,문5-1b,문5-1b
,[아동·청소년 발달 배경],[가정],[조사대상 관계],[자녀와 함께 보내는 시간-넷째 자녀],-,평일_시,PFAM5D01,,문5-1a,문5-1a,문5-1a,문5-1a,문5-1a,문5-1a
,[아동·청소년 발달 배경],[가정],[조사대상 관계],[자녀와 함께 보내는 시간-넷째 자녀],-,평일_분,PFAM5D02,,문5-1a,문5-1a,문5-1a,문5-1a,문5-1a,문5-1a
,[아동·청소년 발달 배경],[가정],[조사대상 관계],[자녀와 함께 보내는 시간-넷째 자녀],-,주말_시,PFAM5D03,,문5-1b,문5-1b,문5-1b,문5-1b,문5-1b,문5-1b
,[아동·청소년 발달 배경],[가정],[조사대상 관계],[자녀와 함께 보내는 시간-넷째 자녀],-,주말_분,PFAM5D04,,문5-1b,문5-1b,문5-1b,문5-1b,문5-1b,문5-1b
,[아동·청소년 발달 배경],[가정],[조사대상 관계],[자녀와 함께 보내는 시간-다섯째 자녀],-,평일_시,PFAM5E01,,문5-1a,문5-1a,문5-1a,문5-1a,문5-1a,문5-1a
,[아동·청소년 발달 배경],[가정],[조사대상 관계],[자녀와 함께 보내는 시간-다섯째 자녀],-,평일_분,PFAM5E02,,문5-1a,문5-1a,문5-1a,문5-1a,문5-1a,문5-1a
,[아동·청소년 발달 배경],[가정],[조사대상 관계],[자녀와 함께 보내는 시간-다섯째 자녀],-,주말_시,PFAM5E03,,문5-1b,문5-1b,문5-1b,문5-1b,문5-1b,문5-1b
,[아동·청소년 발달 배경],[가정],[조사대상 관계],[자녀와 함께 보내는 시간-다섯째 자녀],-,주말_분,PFAM5E04,,문5-1b,문5-1b,문5-1b,문5-1b,문5-1b,문5-1b
,[아동·청소년 발달 배경],[가정],[조사대상 관계],[자녀와 함께 보내는 시간-여섯째 자녀],-,평일_시,PFAM5F01,,,문5-1a,문5-1a,문5-1a,문5-1a,문5-1a
,[아동·청소년 발달 배경],[가정],[조사대상 관계],[자녀와 함께 보내는 시간-여섯째 자녀],-,평일_분,PFAM5F02,,,문5-1a,문5-1a,문5-1a,문5-1a,문5-1a
,[아동·청소년 발달 배경],[가정],[조사대상 관계],[자녀와 함께 보내는 시간-여섯째 자녀],-,주말_시,PFAM5F03,,,문5-1b,문5-1b,문5-1b,문5-1b,문5-1b
,[아동·청소년 발달 배경],[가정],[조사대상 관계],[자녀와 함께 보내는 시간-여섯째 자녀],-,주말_분,PFAM5F04,,,문5-1b,문5-1b,문5-1b,문5-1b,문5-1b
,[아동·청소년 발달 배경],[가정],[조사대상 관계],[자녀와 함께 보내는 시간-일곱째 자녀],-,평일_시,PFAM5G01,,,문5-1a,문5-1a,문5-1a,문5-1a,문5-1a
,[아동·청소년 발달 배경],[가정],[조사대상 관계],[자녀와 함께 보내는 시간-일곱째 자녀],-,평일_분,PFAM5G02,,,문5-1a,문5-1a,문5-1a,문5-1a,문5-1a
,[아동·청소년 발달 배경],[가정],[조사대상 관계],[자녀와 함께 보내는 시간-일곱째 자녀],-,주말_시,PFAM5G03,,,문5-1b,문5-1b,문5-1b,문5-1b,문5-1b
,[아동·청소년 발달 배경],[가정],[조사대상 관계],[자녀와 함께 보내는 시간-일곱째 자녀],-,주말_분,PFAM5G04,,,문5-1b,문5-1b,문5-1b,문5-1b,문5-1b
,[아동·청소년 발달 배경],[교육],[사교육],[사교육],-,사교육여부,PEDU1A00,문3,문3,문3,문3,문3,문3,문3
,[아동·청소년 발달 배경],[교육],[사교육],[사교육],-,사교육을 받은 이유 1순위,PEDU1B01,문3-1,문3-1,문3-1,문3-1,문3-1,문3-1,문3-1
,[아동·청소년 발달 배경],[교육],[사교육],[사교육],-,사교육을 받은 이유 2순위,PEDU1B02,문3-1,문3-1,문3-1,문3-1,문3-1,문3-1,문3-1
,[아동·청소년 발달 배경],[교육],[사교육],[사교육],-,사교육을 받은 이유 기타,PEDU1B02_T,문3-1_T,문3-1_T,문3-1_T,문3-1_T,문3-1_T,문3-1_T,문3-1_T
,[아동·청소년 발달 배경],[교육],[사교육],[사교육],-,월 평균 사교육비,PEDU1C00,문3-2,문3-2,문3-2,문3-2,문3-2,문3-2,문3-2
,[아동·청소년 발달 배경],[교육],[사교육],[사교육],-,사교육을 받지 않은 이유 1순위,PEDU1B03,문3-3,문3-3,문3-3,문3-3,문3-3,문3-3,문3-3
,[아동·청소년 발달 배경],[교육],[사교육],[사교육],-,사교육을 받지 않은 이유 2순위,PEDU1B04,문3-3,문3-3,문3-3,문3-3,문3-3,문3-3,문3-3
,[아동·청소년 발달 배경],[교육],[사교육],[사교육],-,사교육을 받지 않은 이유 기타,PEDU1B04_T,문3-3_T,문3-3_T,문3-3_T,문3-3_T,문3-3_T,문3-3_T,문3-3_T
,[보호자 개인],[사회/정서/역량],[만족도],[삶의 만족도],-,"전반적으로 볼 때, 나의 삶은 나의 이상에 가깝다",PPSY1A01,문11-1,문11-1,문11-1,문11-1,문11-1,문11-1,문11-1
,[보호자 개인],[사회/정서/역량],[만족도],[삶의 만족도],-,내 삶의 상황들은 아주 좋다,PPSY1A02,문11-2,문11-2,문11-2,문11-2,문11-2,문11-2,문11-2
,[보호자 개인],[사회/정서/역량],[만족도],[삶의 만족도],-,나는 내 삶에 만족한다,PPSY1A03,문11-3,문11-3,문11-3,문11-3,문11-3,문11-3,문11-3
,[보호자 개인],[사회/정서/역량],[만족도],[삶의 만족도],-,지금까지 내 삶에서 내가 원하는 중요한 것들을 이루어 냈다,PPSY1A04,문11-4,문11-4,문11-4,문11-4,문11-4,문11-4,문11-4
,[보호자 개인],[사회/정서/역량],[만족도],[삶의 만족도],-,"만약 내 삶을 다시 살 수 있더라도, 나는 거의 아무것도 바꾸지 않을 것이다",PPSY1A05,문11-5,문11-5,문11-5,문11-5,문11-5,문11-5,문11-5
,[보호자 개인],[사회/정서/역량],[행복],[행복감],-,전반적으로 나는 …,PPSY2A01,문12a-1,문12a-1,문12a-1,문12a-1,문12a-1,문12a-1,문12a-1
,[보호자 개인],[사회/정서/역량],[행복],[행복감],-,다른 사람과 비교했을 때 나는 …,PPSY2A02,문12a-2,문12a-2,문12a-2,문12a-2,문12a-2,문12a-2,문12a-2
,[보호자 개인],[사회/정서/역량],[행복],[행복감],-,전반적으로 아주 행복한 사람들이 있다. 나는 …,PPSY2A03,문12b-1,문12b-1,문12b-1,문12b-1,문12b-1,문12b-1,문12b-1
,[보호자 개인],[사회/정서/역량],[행복],[행복감],-,전반적으로 아주 불행한 사람들이 있다. 나는 …,PPSY2A04,문12b-2,문12b-2,문12b-2,문12b-2,문12b-2,문12b-2,문12b-2
,[보호자 개인],[사회/정서/역량],[자아인식],[자아존중감],-,나는 나에게 만족한다,PPSY3A01,문13-1,문13-1,문13-1,문13-1,문13-1,문13-1,문13-1
,[보호자 개인],[사회/정서/역량],[자아인식],[자아존중감],-,때때로 나는 내가 어디에도 소용없는 사람이라고 생각한다,PPSY3A02,문13-2,문13-2,문13-2,문13-2,문13-2,문13-2,문13-2
,[보호자 개인],[사회/정서/역량],[자아인식],[자아존중감],-,나는 내가 장점이 많다고 느낀다,PPSY3A03,문13-3,문13-3,문13-3,문13-3,문13-3,문13-3,문13-3
,[보호자 개인],[사회/정서/역량],[자아인식],[자아존중감],-,나는 내가 적어도 다른 사람만큼 가치 있는 사람이라고 느낀다,PPSY3A04,문13-4,문13-4,문13-4,문13-4,문13-4,문13-4,문13-4
,[보호자 개인],[사회/정서/역량],[자아인식],[자아존중감],-,나는 내가 자랑스러워할 만한 것이 별로 없다고 느낀다,PPSY3A05,문13-5,문13-5,문13-5,문13-5,문13-5,문13-5,문13-5
,[보호자 개인],[사회/정서/역량],[자아인식],[자아존중감],-,때때로 나는 내가 쓸모없는 존재로 느껴진다,PPSY3A06,문13-6,문13-6,문13-6,문13-6,문13-6,문13-6,문13-6
,[보호자 개인],[사회/정서/역량],[자아인식],[자아존중감],-,나는 남들만큼의 일은 할 수 있다,PPSY3A07,문13-7,문13-7,문13-7,문13-7,문13-7,문13-7,문13-7
,[보호자 개인],[사회/정서/역량],[자아인식],[자아존중감],-,나는 나를 좀 더 존중할 수 있었으면 좋겠다,PPSY3A08,문13-8,문13-8,문13-8,문13-8,문13-8,문13-8,문13-8
,[보호자 개인],[사회/정서/역량],[자아인식],[자아존중감],-,나는 내가 실패자라고 느끼는 경향이 있다,PPSY3A09,문13-9,문13-9,문13-9,문13-9,문13-9,문13-9,문13-9
,[보호자 개인],[사회/정서/역량],[자아인식],[자아존중감],-,나는 나에 대해 긍정적인 태도를 지니고 있다,PPSY3A10,문13-10,문13-10,문13-10,문13-10,문13-10,문13-10,문13-10
,[보호자 개인],[사회/정서/역량],[창의성],[창의적 성격],-,유능한,PPSY4A01,문14,문14,문14,문14,문14,문14,문14
,[보호자 개인],[사회/정서/역량],[창의성],[창의적 성격],-,매력적인,PPSY4A02,문14,문14,문14,문14,문14,문14,문14
,[보호자 개인],[사회/정서/역량],[창의성],[창의적 성격],-,영리한,PPSY4A03,문14,문14,문14,문14,문14,문14,문14
,[보호자 개인],[사회/정서/역량],[창의성],[창의적 성격],-,속물의,PPSY4A04,문14,문14,문14,문14,문14,문14,문14
,[보호자 개인],[사회/정서/역량],[창의성],[창의적 성격],-,확신에 찬,PPSY4A05,문14,문14,문14,문14,문14,문14,문14
,[보호자 개인],[사회/정서/역량],[창의성],[창의적 성격],-,인습에 얽매이지 않는,PPSY4A06,문14,문14,문14,문14,문14,문14,문14
,[보호자 개인],[사회/정서/역량],[창의성],[창의적 성격],-,자화자찬의,PPSY4A07,문14,문14,문14,문14,문14,문14,문14
,[보호자 개인],[사회/정서/역량],[창의성],[창의적 성격],-,가식적인,PPSY4A08,문14,문14,문14,문14,문14,문14,문14
,[보호자 개인],[사회/정서/역량],[창의성],[창의적 성격],-,유머감각이 있는,PPSY4A09,문14,문14,문14,문14,문14,문14,문14
,[보호자 개인],[사회/정서/역량],[창의성],[창의적 성격],-,매사에 조심스러운,PPSY4A10,문14,문14,문14,문14,문14,문14,문14
,[보호자 개인],[사회/정서/역량],[창의성],[창의적 성격],-,개인주의적인,PPSY4A11,문14,문14,문14,문14,문14,문14,문14
,[보호자 개인],[사회/정서/역량],[창의성],[창의적 성격],-,평범한,PPSY4A12,문14,문14,문14,문14,문14,문14,문14
,[보호자 개인],[사회/정서/역량],[창의성],[창의적 성격],-,격식을 차리지 않는,PPSY4A13,문14,문14,문14,문14,문14,문14,문14
,[보호자 개인],[사회/정서/역량],[창의성],[창의적 성격],-,보수적인,PPSY4A14,문14,문14,문14,문14,문14,문14,문14
,[보호자 개인],[사회/정서/역량],[창의성],[창의적 성격],-,통찰력이 있는,PPSY4A15,문14,문14,문14,문14,문14,문14,문14
,[보호자 개인],[사회/정서/역량],[창의성],[창의적 성격],-,관습적인,PPSY4A16,문14,문14,문14,문14,문14,문14,문14
,[보호자 개인],[사회/정서/역량],[창의성],[창의적 성격],-,지적인,PPSY4A17,문14,문14,문14,문14,문14,문14,문14
,[보호자 개인],[사회/정서/역량],[창의성],[창의적 성격],-,불만에 찬,PPSY4A18,문14,문14,문14,문14,문14,문14,문14
,[보호자 개인],[사회/정서/역량],[창의성],[창의적 성격],-,관심이 다양한,PPSY4A19,문14,문14,문14,문14,문14,문14,문14
,[보호자 개인],[사회/정서/역량],[창의성],[창의적 성격],-,정직한,PPSY4A20,문14,문14,문14,문14,문14,문14,문14
,[보호자 개인],[사회/정서/역량],[창의성],[창의적 성격],-,발명의 재능이 있는,PPSY4A21,문14,문14,문14,문14,문14,문14,문14
,[보호자 개인],[사회/정서/역량],[창의성],[창의적 성격],-,관심의 폭이 좁은,PPSY4A22,문14,문14,문14,문14,문14,문14,문14
,[보호자 개인],[사회/정서/역량],[창의성],[창의적 성격],-,독창적인,PPSY4A23,문14,문14,문14,문14,문14,문14,문14
,[보호자 개인],[사회/정서/역량],[창의성],[창의적 성격],-,예의바른,PPSY4A24,문14,문14,문14,문14,문14,문14,문14
,[보호자 개인],[사회/정서/역량],[창의성],[창의적 성격],-,심사숙고하는,PPSY4A25,문14,문14,문14,문14,문14,문14,문14
,[보호자 개인],[사회/정서/역량],[창의성],[창의적 성격],-,진실한,PPSY4A26,문14,문14,문14,문14,문14,문14,문14
,[보호자 개인],[사회/정서/역량],[창의성],[창의적 성격],-,"기지가 있는 (재치있는, 임기응변의)",PPSY4A27,문14,문14,문14,문14,문14,문14,문14
,[보호자 개인],[사회/정서/역량],[창의성],[창의적 성격],-,순종하는,PPSY4A28,문14,문14,문14,문14,문14,문14,문14
,[보호자 개인],[사회/정서/역량],[창의성],[창의적 성격],-,자신감이 넘치는,PPSY4A29,문14,문14,문14,문14,문14,문14,문14
,[보호자 개인],[사회/정서/역량],[창의성],[창의적 성격],-,의심이 많은,PPSY4A30,문14,문14,문14,문14,문14,문14,문14
,[보호자 개인],[사회/정서/역량],[창의성],[창의적 성격],-,창의적 성격 점수,PPSY4Asc,,,,,,,
,[보호자 개인],[사회/정서/역량],[끈기],[그릿(Grit)],-,나는 무엇을 하다가 다른 생각이 나면 집중하기가 어렵다,PPSY5A01,문15-1,문15-1,문15-1,문15-1,문15-1,문15-1,문15-1
,[보호자 개인],[사회/정서/역량],[끈기],[그릿(Grit)],-,"나는 문제를 해결하다가 어려움이 생겼을 때 크게 좌절하지 않으며, 다른 사람들보다 빨리 좌절에서 벗어난다",PPSY5A02,문15-2,문15-2,문15-2,문15-2,문15-2,문15-2,문15-2
,[보호자 개인],[사회/정서/역량],[끈기],[그릿(Grit)],-,나는 어떤 문제에 잠깐 집중하다가 곧 흥미를 잃은 적이 있다,PPSY5A03,문15-3,문15-3,문15-3,문15-3,문15-3,문15-3,문15-3
,[보호자 개인],[사회/정서/역량],[끈기],[그릿(Grit)],-,나는 노력가이다,PPSY5A04,문15-4,문15-4,문15-4,문15-4,문15-4,문15-4,문15-4
,[보호자 개인],[사회/정서/역량],[끈기],[그릿(Grit)],-,나는 자주 목표를 세우지만 그것을 이루기 전에 다른 목표를 세우고는 한다,PPSY5A05,문15-5,문15-5,문15-5,문15-5,문15-5,문15-5,문15-5
,[보호자 개인],[사회/정서/역량],[끈기],[그릿(Grit)],-,나는 무엇을 완성하는데 시간이 오래 걸리면 계속 열심히 하는 것이 어렵다,PPSY5A06,문15-6,문15-6,문15-6,문15-6,문15-6,문15-6,문15-6
,[보호자 개인],[사회/정서/역량],[끈기],[그릿(Grit)],-,나는 시작하면 무조건 끝낸다,PPSY5A07,문15-7,문15-7,문15-7,문15-7,문15-7,문15-7,문15-7
,[보호자 개인],[사회/정서/역량],[끈기],[그릿(Grit)],-,나는 부지런하다,PPSY5A08,문15-8,문15-8,문15-8,문15-8,문15-8,문15-8,문15-8
,[보호자 개인],[매체],[스마트폰],[사용 여부],-,스마트폰 사용 여부,PMDA1A00,문10,문10,문10,문10,문10,문10,문10
,[보호자 개인],[매체],[스마트폰],[사용 목적별 빈도],-,가족과의 통화,PMDA1B01,문10-1-1,문10-1-1,문10-1-1,문10-1-1,문10-1-1,문10-1-1,문10-1-1
,[보호자 개인],[매체],[스마트폰],[사용 목적별 빈도],-,가족과의 문자 메시지,PMDA1B02,문10-1-2,문10-1-2,문10-1-2,문10-1-2,문10-1-2,문10-1-2,문10-1-2
,[보호자 개인],[매체],[스마트폰],[사용 목적별 빈도],-,친구와의 통화,PMDA1B03,문10-1-3,문10-1-3,문10-1-3,문10-1-3,문10-1-3,문10-1-3,문10-1-3
,[보호자 개인],[매체],[스마트폰],[사용 목적별 빈도],-,친구와의 문자 메시지,PMDA1B04,문10-1-4,문10-1-4,문10-1-4,문10-1-4,문10-1-4,문10-1-4,문10-1-4
,[보호자 개인],[매체],[스마트폰],[사용 목적별 빈도],-,SNS 이용,PMDA1B05,문10-1-5,문10-1-5,문10-1-5,문10-1-5,문10-1-5,문10-1-5,문10-1-5
,[보호자 개인],[매체],[스마트폰],[사용 목적별 빈도],-,게임,PMDA1B06,문10-1-6,문10-1-6,문10-1-6,문10-1-6,문10-1-6,문10-1-6,문10-1-6
,[보호자 개인],[매체],[스마트폰],[사용 목적별 빈도],-,사진/동영상 촬영,PMDA1B07,문10-1-7,문10-1-7,문10-1-7,문10-1-7,문10-1-7,문10-1-7,문10-1-7
,[보호자 개인],[매체],[스마트폰],[사용 목적별 빈도],-,TV 및 동영상 시청,PMDA1B08,문10-1-8,문10-1-8,문10-1-8,문10-1-8,문10-1-8,문10-1-8,문10-1-8
,[보호자 개인],[매체],[스마트폰],[사용 목적별 빈도],-,음악 감상,PMDA1B09,문10-1-9,문10-1-9,문10-1-9,문10-1-9,문10-1-9,문10-1-9,문10-1-9
,[보호자 개인],[매체],[스마트폰],[사용 목적별 빈도],-,정보 검색,PMDA1B10,문10-1-10,문10-1-10,문10-1-10,문10-1-10,문10-1-10,문10-1-10,문10-1-10
,[보호자 개인],[매체],[스마트폰],[사용 목적별 빈도],-,문서 보기,PMDA1B11,문10-1-11,문10-1-11,문10-1-11,문10-1-11,문10-1-11,문10-1-11,문10-1-11
,[보호자 개인],[매체],[스마트폰],[사용 목적별 빈도],-,학업 또는 업무 관련,PMDA1B12,,문10-1-12,문10-1-12,문10-1-12,문10-1-12,문10-1-12,문10-1-12
,[보호자 개인],[매체],[스마트폰],[사용 목적별 빈도],-,기타,PMDA1B13,문10-1-12,문10-1-13,문10-1-13,문10-1-13,문10-1-13,문10-1-13,문10-1-13
,[보호자 개인],[매체],[스마트폰],[사용 목적별 빈도],-,기타 (구체적으로),PMDA1B13_T,문10-1-12_T,문10-1-13_T,문10-1-13_T,문10-1-13_T,문10-1-13_T,문10-1-13_T,문10-1-13_T
,[보호자 개인],[매체],[스마트폰],[의존도],[일상생활 장애],스마트폰의 지나친 사용으로 업무능률이 떨어진다,PMDA1C01,문10-2-1,문10-2-1,문10-2-1,문10-2-1,문10-2-1,문10-2-1,문10-2-1
,[보호자 개인],[매체],[스마트폰],[의존도],[일상생활 장애],수시로 스마트폰을 사용하다가 지적을 받은 적이 있다,PMDA1C02,문10-2-2,문10-2-2,문10-2-2,문10-2-2,문10-2-2,문10-2-2,문10-2-2
,[보호자 개인],[매체],[스마트폰],[의존도],[일상생활 장애],스마트폰을 너무 자주 또는 오래한다고 가족이나 친구들로부터 불평을 들은 적이 있다,PMDA1C03,문10-2-3,문10-2-3,문10-2-3,문10-2-3,문10-2-3,문10-2-3,문10-2-3
,[보호자 개인],[매체],[스마트폰],[의존도],[일상생활 장애],스마트폰을 사용하느라 지금 하고 있는 일(공부)에 집중이 안 된 적이 있다,PMDA1C04,문10-2-4,문10-2-4,문10-2-4,문10-2-4,문10-2-4,문10-2-4,문10-2-4
,[보호자 개인],[매체],[스마트폰],[의존도],[일상생활 장애],스마트폰 사용이 지금 하고 있는 일(공부)에 방해가 되지 않는다,PMDA1C05,문10-2-5,문10-2-5,문10-2-5,문10-2-5,문10-2-5,문10-2-5,문10-2-5
,[보호자 개인],[매체],[스마트폰],[의존도],[가상세계 지향성],스마트폰을 사용하지 못하면 온 세상을 잃은 것 같은 생각이 든다,PMDA1C06,문10-2-6,문10-2-6,문10-2-6,문10-2-6,문10-2-6,문10-2-6,문10-2-6
,[보호자 개인],[매체],[스마트폰],[의존도],[가상세계 지향성],가족이나 친구들과 함께 있는 것보다 스마트폰을 사용하고 있는 것이 더 즐겁다,PMDA1C07,문10-2-7,문10-2-7,문10-2-7,문10-2-7,문10-2-7,문10-2-7,문10-2-7
,[보호자 개인],[매체],[스마트폰],[의존도],[금단],스마트폰을 사용할 수 없게 된다면 견디기 힘들 것이다,PMDA1C08,문10-2-8,문10-2-8,문10-2-8,문10-2-8,문10-2-8,문10-2-8,문10-2-8
,[보호자 개인],[매체],[스마트폰],[의존도],[금단],스마트폰이 없으면 안절부절 못하고 초조해진다,PMDA1C09,문10-2-9,문10-2-9,문10-2-9,문10-2-9,문10-2-9,문10-2-9,문10-2-9
,[보호자 개인],[매체],[스마트폰],[의존도],[금단],스마트폰이 없어도 불안하지 않다,PMDA1C10,문10-2-10,문10-2-10,문10-2-10,문10-2-10,문10-2-10,문10-2-10,문10-2-10
,[보호자 개인],[매체],[스마트폰],[의존도],[금단],"스마트폰이 옆에 없으면, 하루 종일 일(공부)이 손에 안 잡힌다",PMDA1C11,문10-2-11,문10-2-11,문10-2-11,문10-2-11,문10-2-11,문10-2-11,문10-2-11
,[보호자 개인],[매체],[스마트폰],[의존도],[내성],스마트폰 사용시간을 줄이려고 해보았지만 실패한다,PMDA1C12,문10-2-12,문10-2-12,문10-2-12,문10-2-12,문10-2-12,문10-2-12,문10-2-12
,[보호자 개인],[매체],[스마트폰],[의존도],[내성],스마트폰을 사용할 때 그만해야지 라고 생각은 하면서도 계속한다,PMDA1C13,문10-2-13,문10-2-13,문10-2-13,문10-2-13,문10-2-13,문10-2-13,문10-2-13
,[보호자 개인],[매체],[스마트폰],[의존도],[내성],스마트폰 사용에 많은 시간을 보내는 것이 습관화되었다,PMDA1C14,문10-2-14,문10-2-14,문10-2-14,문10-2-14,문10-2-14,문10-2-14,문10-2-14
,[보호자 개인],[매체],[스마트폰],[의존도],[내성],스마트폰 사용에 많은 시간을 보내지 않는다,PMDA1C15,문10-2-15,문10-2-15,문10-2-15,문10-2-15,문10-2-15,문10-2-15,문10-2-15
,[보호자 개인],[신체],[건강],[건강상태],-,건강상태 평가,PPHY1A00,문16,문16,문16,문16,문16,문16,문16
,[보호자 개인],[신체],[건강],[운동시간],-,지난 일주일 간 땀이 날 정도로 운동한 시간,PPHY1B00,문17,문17,문17,문17,문17,문17,문17
,[보호자 개인],[신체],[건강],[아침식사 횟수],-,지난 일주일 간 아침식사를 한 날,PPHY1C00,문18,문18,문18,문18,문18,문18,문18
,[보호자 개인],[신체],[체격],[키],-,키,PPHY2A00,문19,문19,문19,문19,문19,문19,문19
,[보호자 개인],[신체],[체격],[몸무게],-,몸무게,PPHY2B00,문19,문19,문19,문19,문19,문19,문19
,[특별모듈],[재난 안전 의식],[재난 안전 체감도],[자연재난],[우리사회],폭염⋅한파,PDIS1A01,,,문25-1,,,,
,[특별모듈],[재난 안전 의식],[재난 안전 체감도],[자연재난],[우리사회],"풍수해(태풍, 홍수, 호우, 해일 등)",PDIS1A02,,,문25-2,,,,
,[특별모듈],[재난 안전 의식],[재난 안전 체감도],[자연재난],[우리사회],지진,PDIS1A03,,,문25-3,,,,
,[특별모듈],[재난 안전 의식],[재난 안전 체감도],[자연재난],[우리사회],황사,PDIS1A04,,,문25-4,,,,
,[특별모듈],[재난 안전 의식],[재난 안전 체감도],[자연재난],[우리사회],산불,PDIS1A05,,,문25-5,,,,
,[특별모듈],[재난 안전 의식],[재난 안전 체감도],[자연재난],[우리사회],화산폭발,PDIS1A06,,,문25-6,,,,
,[특별모듈],[재난 안전 의식],[재난 안전 체감도],[사회재난],[우리사회],감염병 유행,PDIS1A07,,,문25-7,,,,
,[특별모듈],[재난 안전 의식],[재난 안전 체감도],[사회재난],[우리사회],"건축물 붕괴(건물, 도로, 기반시설 등)",PDIS1A08,,,문25-8,,,,
,[특별모듈],[재난 안전 의식],[재난 안전 체감도],[사회재난],[우리사회],화재 및 폭발사고,PDIS1A09,,,문25-9,,,,
,[특별모듈],[재난 안전 의식],[재난 안전 체감도],[사회재난],[우리사회],"교통사고(항공사고, 해상사고 포함)",PDIS1A10,,,문25-10,,,,
,[특별모듈],[재난 안전 의식],[재난 안전 체감도],[사회재난],[우리사회],환경오염사고(유해물질 유출 등),PDIS1A11,,,문25-11,,,,
,[특별모듈],[재난 안전 의식],[재난 안전 체감도],[사회재난],[우리사회],미세먼지,PDIS1A12,,,문25-12,,,,
,[특별모듈],[재난 안전 의식],[재난 안전 체감도],[자연재난],[본인],폭염⋅한파,PDIS1B01,,,문25-1,,,,
,[특별모듈],[재난 안전 의식],[재난 안전 체감도],[자연재난],[본인],"풍수해(태풍, 홍수, 호우, 해일 등)",PDIS1B02,,,문25-2,,,,
,[특별모듈],[재난 안전 의식],[재난 안전 체감도],[자연재난],[본인],지진,PDIS1B03,,,문25-3,,,,
,[특별모듈],[재난 안전 의식],[재난 안전 체감도],[자연재난],[본인],황사,PDIS1B04,,,문25-4,,,,
,[특별모듈],[재난 안전 의식],[재난 안전 체감도],[자연재난],[본인],산불,PDIS1B05,,,문25-5,,,,
,[특별모듈],[재난 안전 의식],[재난 안전 체감도],[자연재난],[본인],화산폭발,PDIS1B06,,,문25-6,,,,
,[특별모듈],[재난 안전 의식],[재난 안전 체감도],[사회재난],[본인],감염병 유행,PDIS1B07,,,문25-7,,,,
,[특별모듈],[재난 안전 의식],[재난 안전 체감도],[사회재난],[본인],"건축물 붕괴(건물, 도로, 기반시설 등)",PDIS1B08,,,문25-8,,,,
,[특별모듈],[재난 안전 의식],[재난 안전 체감도],[사회재난],[본인],화재 및 폭발사고,PDIS1B09,,,문25-9,,,,
,[특별모듈],[재난 안전 의식],[재난 안전 체감도],[사회재난],[본인],"교통사고(항공사고, 해상사고 포함)",PDIS1B10,,,문25-10,,,,
,[특별모듈],[재난 안전 의식],[재난 안전 체감도],[사회재난],[본인],환경오염사고(유해물질 유출 등),PDIS1B11,,,문25-11,,,,
,[특별모듈],[재난 안전 의식],[재난 안전 체감도],[사회재난],[본인],미세먼지,PDIS1B12,,,문25-12,,,,
,[특별모듈],[재난 안전 의식],[재난 안전 인식],[사회 체감도],-,우리 사회가 안전을 최우선적으로 중시한다고 생각하십니까?,PDIS2A00,,,문26,,,,
,[특별모듈],[재난 안전 의식],[재난 안전 인식],[본인 체감도],-,귀하는 일상생활을 할 때 안전을 최우선적으로 생각하십니까?,PDIS2B00,,,문27,,,,
,[특별모듈],[재난 안전 의식],[재난 안전 행동요령 인식],[자연재난],-,폭염⋅한파,PDIS3A01,,,문28-1,,,,
,[특별모듈],[재난 안전 의식],[재난 안전 행동요령 인식],[자연재난],-,"풍수해(태풍, 홍수, 호우, 해일 등)",PDIS3A02,,,문28-2,,,,
,[특별모듈],[재난 안전 의식],[재난 안전 행동요령 인식],[자연재난],-,지진,PDIS3A03,,,문28-3,,,,
,[특별모듈],[재난 안전 의식],[재난 안전 행동요령 인식],[자연재난],-,황사,PDIS3A04,,,문28-4,,,,
,[특별모듈],[재난 안전 의식],[재난 안전 행동요령 인식],[자연재난],-,산불,PDIS3A05,,,문28-5,,,,
,[특별모듈],[재난 안전 의식],[재난 안전 행동요령 인식],[자연재난],-,화산폭발,PDIS3A06,,,문28-6,,,,
,[특별모듈],[재난 안전 의식],[재난 안전 행동요령 인식],[사회재난],-,감염병 유행,PDIS3A07,,,문28-7,,,,
,[특별모듈],[재난 안전 의식],[재난 안전 행동요령 인식],[사회재난],-,"건축물 붕괴(건물, 도로, 기반시설 등)",PDIS3A08,,,문28-8,,,,
,[특별모듈],[재난 안전 의식],[재난 안전 행동요령 인식],[사회재난],-,화재 및 폭발사고,PDIS3A09,,,문28-9,,,,
,[특별모듈],[재난 안전 의식],[재난 안전 행동요령 인식],[사회재난],-,"교통사고(항공사고, 해상사고 포함)",PDIS3A10,,,문28-10,,,,
,[특별모듈],[재난 안전 의식],[재난 안전 행동요령 인식],[사회재난],-,환경오염사고(유해물질 유출 등),PDIS3A11,,,문28-11,,,,
,[특별모듈],[재난 안전 의식],[재난 안전 행동요령 인식],[사회재난],-,미세먼지,PDIS3A12,,,문28-12,,,,
,[특별모듈],[정서인식 역량],[정서인식 역량],[RMET(Reading the Mind in the Eyes Test)],-,(1) 증오하는 - (2) 놀란 - (3) 친절한 - (4) 짜증난,PRME1A01,,,,문25-1,,,
,[특별모듈],[정서인식 역량],[정서인식 역량],[RMET(Reading the Mind in the Eyes Test)],-,(1) 불친절한 - (2) 짜증난 - (3) 놀란 - (4) 슬픈,PRME1A02,,,,문25-2,,,
,[특별모듈],[정서인식 역량],[정서인식 역량],[RMET(Reading the Mind in the Eyes Test)],-,(1) 우호적인 - (2) 슬픈 - (3) 놀란 - (4) 걱정하는,PRME1A03,,,,문25-3,,,
,[특별모듈],[정서인식 역량],[정서인식 역량],[RMET(Reading the Mind in the Eyes Test)],-,(1) 편안한 - (2) 속상한 - (3) 놀란 - (4) 신난,PRME1A04,,,,문25-4,,,
,[특별모듈],[정서인식 역량],[정서인식 역량],[RMET(Reading the Mind in the Eyes Test)],-,(1) 가여워하는 - (2) 요구하는 - (3) 농담하는 - (4) 편안한,PRME1A05,,,,문25-5,,,
,[특별모듈],[정서인식 역량],[정서인식 역량],[RMET(Reading the Mind in the Eyes Test)],-,(1) 증오하는 - (2) 불친절한 - (3) 걱정하는 - (4) 지루한,PRME1A06,,,,문25-6,,,
,[특별모듈],[정서인식 역량],[정서인식 역량],[RMET(Reading the Mind in the Eyes Test)],-,(1) 가여워하는 - (2) 지루한 - (3) 흥미있는 - (4) 농담하는,PRME1A07,,,,문25-7,,,
,[특별모듈],[정서인식 역량],[정서인식 역량],[RMET(Reading the Mind in the Eyes Test)],-,(1) 회상하는 - (2) 행복한 - (3) 우호적인 - (4) 화난,PRME1A08,,,,문25-8,,,
,[특별모듈],[정서인식 역량],[정서인식 역량],[RMET(Reading the Mind in the Eyes Test)],-,(1) 짜증난 - (2) 증오하는 - (3) 놀란 - (4) 무언가 생각하는,PRME1A09,,,,문25-9,,,
,[특별모듈],[정서인식 역량],[정서인식 역량],[RMET(Reading the Mind in the Eyes Test)],-,(1) 친절한 - (2) 수줍은 - (3) 의심스러운 - (4) 슬픈,PRME1A10,,,,문25-10,,,
,[특별모듈],[정서인식 역량],[정서인식 역량],[RMET(Reading the Mind in the Eyes Test)],-,(1) 으스대는 - (2) 희망하는 - (3) 화난 - (4) 역겨워하는,PRME1A11,,,,문25-11,,,
,[특별모듈],[정서인식 역량],[정서인식 역량],[RMET(Reading the Mind in the Eyes Test)],-,(1) 혼란스러운 - (2) 농담하는 - (3) 슬픈 - (4) 진지한,PRME1A12,,,,문25-12,,,
,[특별모듈],[정서인식 역량],[정서인식 역량],[RMET(Reading the Mind in the Eyes Test)],-,(1) 무언가 생각하는 - (2) 속상한 - (3) 신난 - (4) 행복한,PRME1A13,,,,문25-13,,,
,[특별모듈],[정서인식 역량],[정서인식 역량],[RMET(Reading the Mind in the Eyes Test)],-,(1) 행복한 - (2) 무언가 생각하는 - (3) 신난 - (4) 친절한,PRME1A14,,,,문25-14,,,
,[특별모듈],[정서인식 역량],[정서인식 역량],[RMET(Reading the Mind in the Eyes Test)],-,(1) 의심스러운 - (2) 우호적인 - (3) 놀고 싶은 - (4) 편안한,PRME1A15,,,,문25-15,,,
,[특별모듈],[정서인식 역량],[정서인식 역량],[RMET(Reading the Mind in the Eyes Test)],-,(1) 단호한 - (2) 농담하는 - (3) 놀란 - (4) 지루한,PRME1A16,,,,문25-16,,,
,[특별모듈],[정서인식 역량],[정서인식 역량],[RMET(Reading the Mind in the Eyes Test)],-,(1) 화난 - (2) 우호적인 - (3) 불친절한 - (4) 주저하는,PRME1A17,,,,문25-17,,,
,[특별모듈],[정서인식 역량],[정서인식 역량],[RMET(Reading the Mind in the Eyes Test)],-,(1) 수심에 잠긴 - (2) 화난 - (3) 으스대는 - (4) 우호적인,PRME1A18,,,,문25-18,,,
,[특별모듈],[정서인식 역량],[정서인식 역량],[RMET(Reading the Mind in the Eyes Test)],-,(1) 화난 - (2) 몽상하는 - (3) 슬픈 - (4) 흥미있는,PRME1A19,,,,문25-19,,,
,[특별모듈],[정서인식 역량],[정서인식 역량],[RMET(Reading the Mind in the Eyes Test)],-,(1) 친절한 - (2) 놀란 - (3) 기쁘지 않은 - (4) 신난,PRME1A20,,,,문25-20,,,
,[특별모듈],[정서인식 역량],[정서인식 역량],[RMET(Reading the Mind in the Eyes Test)],-,(1) 흥미있는 - (2) 농담하는 - (3) 편안한 - (4) 행복한,PRME1A21,,,,문25-21,,,
,[특별모듈],[정서인식 역량],[정서인식 역량],[RMET(Reading the Mind in the Eyes Test)],-,(1) 장난기 있는 - (2) 친절한 - (3) 놀란 - (4) 무언가 생각하는,PRME1A22,,,,문25-22,,,
,[특별모듈],[정서인식 역량],[정서인식 역량],[RMET(Reading the Mind in the Eyes Test)],-,(1) 놀란 - (2) 확신에 찬 - (3) 농담하는 - (4) 행복한,PRME1A23,,,,문25-23,,,
,[특별모듈],[정서인식 역량],[정서인식 역량],[RMET(Reading the Mind in the Eyes Test)],-,(1) 진지한 - (2) 부끄러운 - (3) 혼란스러운 - (4) 놀란,PRME1A24,,,,문25-24,,,
,[특별모듈],[정서인식 역량],[정서인식 역량],[RMET(Reading the Mind in the Eyes Test)],-,(1) 수줍은 - (2) 죄책감을 느끼는 - (3) 몽상하는 - (4) 걱정하는,PRME1A25,,,,문25-25,,,
,[특별모듈],[정서인식 역량],[정서인식 역량],[RMET(Reading the Mind in the Eyes Test)],-,(1) 농담하는 - (2) 편안한 - (3) 불안한 - (4) 미안한,PRME1A26,,,,문25-26,,,
,[특별모듈],[정서인식 역량],[정서인식 역량],[RMET(Reading the Mind in the Eyes Test)],-,(1) 부끄러운 - (2) 신난 - (3) 의심스러운 - (4) 기쁜,PRME1A27,,,,문25-27,,,
,[특별모듈],[정서인식 역량],[정서인식 역량],[RMET(Reading the Mind in the Eyes Test)],-,(1) 혐오하는 - (2) 증오하는 - (3) 행복한 - (4) 지루한,PRME1A28,,,,문25-28,,,
,[특별모듈],[정서인식 역량],[정서인식 역량],[RMET(Reading the Mind in the Eyes Test)],-,RMET(Reading the Mind in the Eyes Test) 점수,PRME1Asc,,,,,,,
,[특별모듈],[진로],[진로계획],[희망직업 선택 요인],-,안정적으로 오랫동안 일할 수 있다,PFUR4B01,,,,,문9-1-S-1,,
,[특별모듈],[진로],[진로계획],[희망직업 선택 요인],-,수입(임금)이 많다,PFUR4B02,,,,,문9-1-S-2,,
,[특별모듈],[진로],[진로계획],[희망직업 선택 요인],-,사회적 명예(위신)가 높다,PFUR4B03,,,,,문9-1-S-3,,
,[특별모듈],[진로],[진로계획],[희망직업 선택 요인],-,국가/사회에 기여할 수 있다,PFUR4B04,,,,,문9-1-S-4,,
,[특별모듈],[진로],[진로계획],[희망직업 선택 요인],-,자신의 소질과 적성을 살릴 수 있다,PFUR4B05,,,,,문9-1-S-5,,
,[특별모듈],[진로],[진로계획],[희망직업 선택 요인],-,일하는 환경이 쾌적하다,PFUR4B06,,,,,문9-1-S-6,,
,[특별모듈],[진로],[진로계획],[희망직업 선택 요인],-,시간적으로 여유가 있다,PFUR4B07,,,,,문9-1-S-7,,
,[특별모듈],[진로],[진로계획],[희망직업 선택 요인],-,가족과 함께 지내는 시간이 보장된다,PFUR4B08,,,,,문9-1-S-8,,
,[특별모듈],[진로],[진로계획],[희망직업 선택 요인],-,여러 사람들과 어울려 일할 수 있다,PFUR4B09,,,,,문9-1-S-9,,
,[특별모듈],[진로],[진로계획],[희망직업 선택 요인],-,직장 동료와의 경쟁이 심하지 않다,PFUR4B10,,,,,문9-1-S-10,,
,[특별모듈],[진로],[진로계획],[희망직업 선택 요인],-,자율적으로 일할 수 있다,PFUR4B11,,,,,문9-1-S-11,,
,[특별모듈],[진로],[진로계획],[희망직업 선택 요인],-,다양한 경험을 할 수 있다,PFUR4B12,,,,,문9-1-S-12,,
,[특별모듈],[진로],[진로탐색],[진로준비활동],-,진로 관련 상담,PFUR4C04,,,,,문9-2-S-1,,
,[특별모듈],[진로],[진로탐색],[진로준비활동],-,진로 관련 특강 및 강연,PFUR4C06,,,,,문9-2-S-2,,
,[특별모듈],[진로],[진로탐색],[진로준비활동],-,교육과정 및 진학 관련 설명회,PFUR4C07,,,,,문9-2-S-3,,
,[특별모듈],[진로],[진로탐색],[진로준비활동],-,학업 설계 워크숍,PFUR4C08,,,,,문9-2-S-4,,
,[특별모듈],[진로],[진로탐색],[진로준비활동],-,직업박람회,PFUR4C14,,,,,문9-2-S-5,,
,[특별모듈],[진로],[진로탐색],[진로준비활동],-,진로 관련 책/잡지,PFUR4C15,,,,,문9-2-S-6,,
,[특별모듈],[진로],[진로탐색],[진로준비활동],-,진로 관련 인터넷 자료,PFUR4C16,,,,,문9-2-S-7,,
,[특별모듈],[학교폭력 및 적응],[학교폭력],[자녀 가해 경험],[현실세계],심하게 놀리거나 조롱하기,PSVL1A01,,,,,,문25-S-1-1,
,[특별모듈],[학교폭력 및 적응],[학교폭력],[자녀 가해 경험],[현실세계],집단따돌림(왕따)시키기,PSVL1A02,,,,,,문25-S-1-2,
,[특별모듈],[학교폭력 및 적응],[학교폭력],[자녀 가해 경험],[현실세계],심하게 때리기,PSVL1A03,,,,,,문25-S-1-3,
,[특별모듈],[학교폭력 및 적응],[학교폭력],[자녀 가해 경험],[현실세계],협박하기,PSVL1A04,,,,,,문25-S-1-4,
,[특별모듈],[학교폭력 및 적응],[학교폭력],[자녀 가해 경험],[현실세계],돈이나 물건 뺏기(삥뜯기),PSVL1A05,,,,,,문25-S-1-5,
,[특별모듈],[학교폭력 및 적응],[학교폭력],[자녀 가해 경험],[현실세계],심한 욕설과 폭언,PSVL1A06,,,,,,문25-S-1-6,
,[특별모듈],[학교폭력 및 적응],[학교폭력],[자녀 가해 경험],[사이버공간],"온라인(인터넷, 카카오톡, SNS 등)에서 따돌리거나 괴롭히기(예: 욕설/모욕, 협박, 성희롱, 사생활 공개 등)",PSVL1A07,,,,,,문25-S-1-7,
,[특별모듈],[학교폭력 및 적응],[학교폭력],[자녀 피해 경험],[현실세계],심하게 놀림이나 조롱 당하기,PSVL1C01,,,,,,문25-S-2-1,
,[특별모듈],[학교폭력 및 적응],[학교폭력],[자녀 피해 경험],[현실세계],집단따돌림(왕따) 당하기,PSVL1C02,,,,,,문25-S-2-2,
,[특별모듈],[학교폭력 및 적응],[학교폭력],[자녀 피해 경험],[현실세계],심하게 맞기,PSVL1C03,,,,,,문25-S-2-3,
,[특별모듈],[학교폭력 및 적응],[학교폭력],[자녀 피해 경험],[현실세계],협박 당하기,PSVL1C04,,,,,,문25-S-2-4,
,[특별모듈],[학교폭력 및 적응],[학교폭력],[자녀 피해 경험],[현실세계],돈이나 물건 빼앗기기(삥뜯기기),PSVL1C05,,,,,,문25-S-2-5,
,[특별모듈],[학교폭력 및 적응],[학교폭력],[자녀 피해 경험],[현실세계],심한 욕설과 폭언 당하기,PSVL1C06,,,,,,문25-S-2-6,
,[특별모듈],[학교폭력 및 적응],[학교폭력],[자녀 피해 경험],[사이버공간],"온라인 (인터넷, 카카오톡, SNS 등)에서 따돌림이나 괴롭힘 당하기(예: 욕설/모욕, 협박, 성희롱, 사생활 공개 등)",PSVL1C07,,,,,,문25-S-2-7,
,[특별모듈],[지역사회 인식],[지역사회・공동체 인식],[지역사회 인식],-,나는 우리 동네 사람들 대부분을 알고 있다,PCOM1A01,,,,,,문26-S-1-1,
,[특별모듈],[지역사회 인식],[지역사회・공동체 인식],[지역사회 인식],-,나는 거리에서 우리 동네 사람을 만나면 인사를 한다,PCOM1A02,,,,,,문26-S-1-2,
,[특별모듈],[지역사회 인식],[지역사회・공동체 인식],[지역사회 인식],-,우리 동네에서는 이웃끼리 서로 경계한다,PCOM1A03,,,,,,문26-S-1-3,
,[특별모듈],[지역사회 인식],[지역사회・공동체 인식],[지역사회 인식],-,나는 우리 동네가 안전하다고 느낀다,PCOM1A04,,,,,,문26-S-1-4,
,[특별모듈],[지역사회 인식],[지역사회・공동체 인식],[지역사회 인식],-,나는 우리 동네 사람들과 지내는 것이 좋다,PCOM1A05,,,,,,문26-S-1-5,
,[특별모듈],[지역사회 인식],[지역사회・공동체 인식],[지역사회 인식],-,나는 우리 동네에서 계속 살고 싶다,PCOM1A06,,,,,,문26-S-1-6,
,[특별모듈],[지역사회 인식],[지역사회・공동체 인식],[공동체 인식],-,주변에 어려움에 처해 있는 친구가 있다면 적극적으로 도울 수 있다,PCOM2A01,,,,,,문26-S-2-1,
,[특별모듈],[지역사회 인식],[지역사회・공동체 인식],[공동체 인식],-,공휴일에 쉬지 못하더라도 복지기관에서 자원봉사 활동을 할 수 있다,PCOM2A02,,,,,,문26-S-2-2,
,[특별모듈],[지역사회 인식],[지역사회・공동체 인식],[공동체 인식],-,우리나라보다 경제적으로 어려운 나라를 돕기 위해 기부금을 낼 수 있다,PCOM2A03,,,,,,문26-S-2-3,
,[특별모듈],[지역사회 인식],[지역사회・공동체 인식],[공동체 인식],-,"지구를 보호하기 위해 물자절약, 쓰레기 분리수거, 재활용 등에 적극적으로 참여 할 수 있다",PCOM2A04,,,,,,문26-S-2-4,
,[특별모듈],[지역사회 인식],[다문화 수용도],[다문화 수용도],-,문화적 배경이 다른 사람이 나의 직장 동료가 되는 것을 받아 들일 수 있다,PCOM3A01,,,,,,문26-S-3-1,
,[특별모듈],[지역사회 인식],[다문화 수용도],[다문화 수용도],-,문화적 배경이 다른 사람이 나의 직장 상사가 되는 것을 받아 들일 수 있다,PCOM3A02,,,,,,문26-S-3-2,
,[특별모듈],[지역사회 인식],[다문화 수용도],[다문화 수용도],-,문화적 배경이 다른 사람이 나의 친구가 되는 것을 받아 들일 수 있다,PCOM3A03,,,,,,문26-S-3-3,
,[특별모듈],[지역사회 인식],[다문화 수용도],[다문화 수용도],-,문화적 배경이 다른 학생이 자녀와 같은 반 학생이 되는 것을 받아 들일 수 있다,PCOM3A04,,,,,,문26-S-3-4,
,[특별모듈],[지역사회 인식],[다문화 수용도],[다문화 수용도],-,문화적 배경이 다른 학생이 자녀의 친구가 되는 것을 받아 들일 수 있다,PCOM3A05,,,,,,문26-S-3-5,
,[특별모듈],[결혼/출산관],[결혼/출산관],[자녀 결혼관],-,자녀의 결혼에 대한 가치관 수준,PFFA1B01,,,,,,,문25
,[특별모듈],[결혼/출산관],[결혼/출산관],[자녀 출산관],-,자녀의 출산에 대한 가치관 수준,PFFA1B02,,,,,,,문26
,[특별모듈],[결혼/출산관],[결혼/출산관],[본인 결혼관],-,본인 결혼에 대한 가치관 수준,PFFA1A01,,,,,,,문27
,[특별모듈],[결혼/출산관],[결혼/출산관],[본인 출산관],-,본인 출산에 대한 가치관 수준,PFFA1A02,,,,,,,문28
,[특별모듈],[시간선호],[시간선호],[시간선호],[시간 프레임 1],"다음 주 목요일 4,000원 vs 다음 주 목요일로부터 4주 뒤 4,500원",PMCQ1A01,,,,,,,문29-1
,[특별모듈],[시간선호],[시간선호],[시간선호],[시간 프레임 1],"다음 주 목요일 4,000원 vs 다음 주 목요일로부터 4주 뒤 5,500원",PMCQ1A02,,,,,,,문29-2
,[특별모듈],[시간선호],[시간선호],[시간선호],[시간 프레임 1],"다음 주 목요일 4,000원 vs 다음 주 목요일로부터 4주 뒤 6,500원",PMCQ1A03,,,,,,,문29-3
,[특별모듈],[시간선호],[시간선호],[시간선호],[시간 프레임 2],"다음 주 목요일로부터 4주 뒤 4,000원 vs 다음 주 목요일로부터 8주 뒤 4,500원",PMCQ1A04,,,,,,,문29-4
,[특별모듈],[시간선호],[시간선호],[시간선호],[시간 프레임 2],"다음 주 목요일로부터 4주 뒤 4,000원 vs 다음 주 목요일로부터 8주 뒤 5,500원",PMCQ1A05,,,,,,,문29-5
,[특별모듈],[시간선호],[시간선호],[시간선호],[시간 프레임 2],"다음 주 목요일로부터 4주 뒤 4,000원 vs 다음 주 목요일로부터 8주 뒤 6,500원",PMCQ1A06,,,,,,,문29-6
,[특별모듈],[용서하는 성향],[용서하는 성향],[용서하는 성향],[자신을 용서하는 성향],"무언가를 망쳤을 때, 처음에는 기분이 나쁘지만 시간이 지나면 그것을 잊을 수 있다",PRRS1A01,,,,,,,문30-1
,[특별모듈],[용서하는 성향],[용서하는 성향],[용서하는 성향],[자신을 용서하는 성향],내가 저지른 잘못 때문에 나 자신을 원망한다 ,PRRS1A02,,,,,,,문30-2
,[특별모듈],[용서하는 성향],[용서하는 성향],[용서하는 성향],[자신을 용서하는 성향],내가 저지른 잘못에서 교훈을 얻음으로써 잘못을 극복할 수 있다,PRRS1A03,,,,,,,문30-3
,[특별모듈],[용서하는 성향],[용서하는 성향],[용서하는 성향],[자신을 용서하는 성향],일을 망치면 나 자신을 용납하기가 매우 어렵다 ,PRRS1A04,,,,,,,문30-4
,[특별모듈],[용서하는 성향],[용서하는 성향],[용서하는 성향],[자신을 용서하는 성향],"시간이 지나면, 실수를 했던 나 자신을 이해할 수 있다 ",PRRS1A05,,,,,,,문30-5
,[특별모듈],[용서하는 성향],[용서하는 성향],[용서하는 성향],[자신을 용서하는 성향],"내가 느끼고, 생각하고, 말하고, 행동했던 부정적인 일들로 인해 스스로를 계속 비판한다 ",PRRS1A06,,,,,,,문30-6
,[특별모듈],[용서하는 성향],[용서하는 성향],[용서하는 성향],[타인을 용서하는 성향],"누군가 잘못된 행동을 했다고 생각하면, 계속 그 사람을 벌주려 한다 ",PRRS1A07,,,,,,,문30-7
,[특별모듈],[용서하는 성향],[용서하는 성향],[용서하는 성향],[타인을 용서하는 성향],"시간이 지나면, 과거에 실수했던 사람을 이해할 수 있다 ",PRRS1A08,,,,,,,문30-8
,[특별모듈],[용서하는 성향],[용서하는 성향],[용서하는 성향],[타인을 용서하는 성향],나에게 상처를 주었던 사람을 계속 매정하게 대한다 ,PRRS1A09,,,,,,,문30-9
,[특별모듈],[용서하는 성향],[용서하는 성향],[용서하는 성향],[타인을 용서하는 성향],"과거에 나에게 상처를 주었던 사람이라도, 결국 그 사람을 좋은 사람이라고 여길 수 있다 ",PRRS1A10,,,,,,,문30-10
,[특별모듈],[용서하는 성향],[용서하는 성향],[용서하는 성향],[타인을 용서하는 성향],"만약 어떤 사람이 나를 함부로 대한다면, 그들을 계속 나쁘게 생각할 것이다 ",PRRS1A11,,,,,,,문30-11
,[특별모듈],[용서하는 성향],[용서하는 성향],[용서하는 성향],[타인을 용서하는 성향],누군가에게 실망을 했더라도 나중에는 그것을 대수롭지 않게 여길 수 있다 ,PRRS1A12,,,,,,,문30-12
,[특별모듈],[용서하는 성향],[용서하는 성향],[용서하는 성향],[상황을 용서하는 성향],"어쩔 수 없는 이유로 무언가가 잘못되었을 때, 그것에 대한 부정적인 생각에 사로잡힌다 ",PRRS1A13,,,,,,,문30-13
,[특별모듈],[용서하는 성향],[용서하는 성향],[용서하는 성향],[상황을 용서하는 성향],시간이 지나면 인생의 나쁜 상황을 받아들일 수 있다 ,PRRS1A14,,,,,,,문30-14
,[특별모듈],[용서하는 성향],[용서하는 성향],[용서하는 성향],[상황을 용서하는 성향],"어쩔 수 없는 상황으로 인해 실망하게 될 때, 계속 부정적으로 생각한다",PRRS1A15,,,,,,,문30-15
,[특별모듈],[용서하는 성향],[용서하는 성향],[용서하는 성향],[상황을 용서하는 성향],살아가면서 나쁜 상황이 생기더라도 결국 그것을 받아들일 수 있다,PRRS1A16,,,,,,,문30-16
,[특별모듈],[용서하는 성향],[용서하는 성향],[용서하는 성향],[상황을 용서하는 성향],"그 누구의 잘못도 아닌데 부정적인 상황이 발생했다면, 그것을 받아들이기 어려울 것이다 ",PRRS1A17,,,,,,,문30-17
,[특별모듈],[용서하는 성향],[용서하는 성향],[용서하는 성향],[상황을 용서하는 성향],통제할 수 없는 나쁜 상황에 대한 부정적인 생각들을 결국에는 흘려버릴 것이다 ,PRRS1A18,,,,,,,문30-18
